time,system_demand
1/1/23 0:00,21193
1/1/23 1:00,20695
1/1/23 2:00,20216
1/1/23 3:00,19928
1/1/23 4:00,20040
1/1/23 5:00,20353
1/1/23 6:00,20642
1/1/23 7:00,20533
1/1/23 8:00,20066
1/1/23 9:00,19613
1/1/23 10:00,19464
1/1/23 11:00,19441
1/1/23 12:00,19448
1/1/23 13:00,19680
1/1/23 14:00,19924
1/1/23 15:00,21044
1/1/23 16:00,22896
1/1/23 17:00,24858
1/1/23 18:00,25145
1/1/23 19:00,25004
1/1/23 20:00,24558
1/1/23 21:00,24047
1/1/23 22:00,22933
1/1/23 23:00,21805
1/2/23 0:00,21338
1/2/23 1:00,20680
1/2/23 2:00,20326
1/2/23 3:00,20369
1/2/23 4:00,20717
1/2/23 5:00,21726
1/2/23 6:00,22801
1/2/23 7:00,23142
1/2/23 8:00,23218
1/2/23 9:00,23604
1/2/23 10:00,23876
1/2/23 11:00,24539
1/2/23 12:00,24816
1/2/23 13:00,25538
1/2/23 14:00,26065
1/2/23 15:00,26383
1/2/23 16:00,27584
1/2/23 17:00,28531
1/2/23 18:00,28247
1/2/23 19:00,27534
1/2/23 20:00,26687
1/2/23 21:00,25708
1/2/23 22:00,24261
1/2/23 23:00,23056
1/3/23 0:00,22307
1/3/23 1:00,21904
1/3/23 2:00,21788
1/3/23 3:00,21641
1/3/23 4:00,21946
1/3/23 5:00,23374
1/3/23 6:00,25157
1/3/23 7:00,26452
1/3/23 8:00,27236
1/3/23 9:00,27155
1/3/23 10:00,27009
1/3/23 11:00,26613
1/3/23 12:00,26642
1/3/23 13:00,26488
1/3/23 14:00,26363
1/3/23 15:00,26880
1/3/23 16:00,27924
1/3/23 17:00,29039
1/3/23 18:00,28658
1/3/23 19:00,28139
1/3/23 20:00,27384
1/3/23 21:00,26306
1/3/23 22:00,24827
1/3/23 23:00,23738
1/4/23 0:00,23093
1/4/23 1:00,22544
1/4/23 2:00,22081
1/4/23 3:00,21890
1/4/23 4:00,22237
1/4/23 5:00,23017
1/4/23 6:00,24593
1/4/23 7:00,25750
1/4/23 8:00,26435
1/4/23 9:00,26439
1/4/23 10:00,26593
1/4/23 11:00,26421
1/4/23 12:00,26239
1/4/23 13:00,26064
1/4/23 14:00,25801
1/4/23 15:00,26007
1/4/23 16:00,27005
1/4/23 17:00,28124
1/4/23 18:00,27842
1/4/23 19:00,27060
1/4/23 20:00,26303
1/4/23 21:00,25228
1/4/23 22:00,23960
1/4/23 23:00,23283
1/5/23 0:00,22560
1/5/23 1:00,22111
1/5/23 2:00,21563
1/5/23 3:00,21035
1/5/23 4:00,21118
1/5/23 5:00,22192
1/5/23 6:00,24013
1/5/23 7:00,25299
1/5/23 8:00,26105
1/5/23 9:00,26705
1/5/23 10:00,27344
1/5/23 11:00,27279
1/5/23 12:00,27161
1/5/23 13:00,26262
1/5/23 14:00,25571
1/5/23 15:00,25424
1/5/23 16:00,26285
1/5/23 17:00,27665
1/5/23 18:00,27718
1/5/23 19:00,27155
1/5/23 20:00,26460
1/5/23 21:00,25516
1/5/23 22:00,24126
1/5/23 23:00,22873
1/6/23 0:00,22306
1/6/23 1:00,21889
1/6/23 2:00,21814
1/6/23 3:00,21661
1/6/23 4:00,21993
1/6/23 5:00,23211
1/6/23 6:00,24709
1/6/23 7:00,25747
1/6/23 8:00,25583
1/6/23 9:00,24790
1/6/23 10:00,23879
1/6/23 11:00,23362
1/6/23 12:00,22863
1/6/23 13:00,23102
1/6/23 14:00,23565
1/6/23 15:00,24029
1/6/23 16:00,25650
1/6/23 17:00,27208
1/6/23 18:00,27040
1/6/23 19:00,26596
1/6/23 20:00,26098
1/6/23 21:00,25312
1/6/23 22:00,24081
1/6/23 23:00,22929
1/7/23 0:00,22087
1/7/23 1:00,21719
1/7/23 2:00,21132
1/7/23 3:00,20870
1/7/23 4:00,21090
1/7/23 5:00,21777
1/7/23 6:00,22501
1/7/23 7:00,22995
1/7/23 8:00,23542
1/7/23 9:00,23228
1/7/23 10:00,22904
1/7/23 11:00,22206
1/7/23 12:00,22079
1/7/23 13:00,22126
1/7/23 14:00,22570
1/7/23 15:00,23299
1/7/23 16:00,24448
1/7/23 17:00,25780
1/7/23 18:00,25624
1/7/23 19:00,25245
1/7/23 20:00,24760
1/7/23 21:00,24156
1/7/23 22:00,23413
1/7/23 23:00,22403
1/8/23 0:00,21557
1/8/23 1:00,20751
1/8/23 2:00,20338
1/8/23 3:00,19955
1/8/23 4:00,19968
1/8/23 5:00,20422
1/8/23 6:00,21009
1/8/23 7:00,21522
1/8/23 8:00,21528
1/8/23 9:00,21002
1/8/23 10:00,20628
1/8/23 11:00,20397
1/8/23 12:00,20515
1/8/23 13:00,21032
1/8/23 14:00,21685
1/8/23 15:00,22434
1/8/23 16:00,23822
1/8/23 17:00,25609
1/8/23 18:00,25712
1/8/23 19:00,25345
1/8/23 20:00,24647
1/8/23 21:00,23581
1/8/23 22:00,22309
1/8/23 23:00,21121
1/9/23 0:00,20894
1/9/23 1:00,20833
1/9/23 2:00,21006
1/9/23 3:00,21066
1/9/23 4:00,21346
1/9/23 5:00,22353
1/9/23 6:00,24347
1/9/23 7:00,25998
1/9/23 8:00,26410
1/9/23 9:00,26749
1/9/23 10:00,26810
1/9/23 11:00,26935
1/9/23 12:00,26081
1/9/23 13:00,25702
1/9/23 14:00,25757
1/9/23 15:00,26172
1/9/23 16:00,27047
1/9/23 17:00,27979
1/9/23 18:00,27775
1/9/23 19:00,27147
1/9/23 20:00,26381
1/9/23 21:00,25403
1/9/23 22:00,23899
1/9/23 23:00,22630
1/10/23 0:00,22001
1/10/23 1:00,21445
1/10/23 2:00,21105
1/10/23 3:00,20972
1/10/23 4:00,21412
1/10/23 5:00,22511
1/10/23 6:00,24262
1/10/23 7:00,25820
1/10/23 8:00,26617
1/10/23 9:00,26812
1/10/23 10:00,26685
1/10/23 11:00,26747
1/10/23 12:00,26775
1/10/23 13:00,26263
1/10/23 14:00,25672
1/10/23 15:00,25855
1/10/23 16:00,26884
1/10/23 17:00,28281
1/10/23 18:00,28256
1/10/23 19:00,27701
1/10/23 20:00,27018
1/10/23 21:00,25916
1/10/23 22:00,24518
1/10/23 23:00,23493
1/11/23 0:00,22594
1/11/23 1:00,21997
1/11/23 2:00,21894
1/11/23 3:00,21761
1/11/23 4:00,22183
1/11/23 5:00,23792
1/11/23 6:00,26131
1/11/23 7:00,27392
1/11/23 8:00,27704
1/11/23 9:00,27813
1/11/23 10:00,26886
1/11/23 11:00,26175
1/11/23 12:00,25937
1/11/23 13:00,25887
1/11/23 14:00,26116
1/11/23 15:00,26657
1/11/23 16:00,27901
1/11/23 17:00,29006
1/11/23 18:00,28899
1/11/23 19:00,28354
1/11/23 20:00,27614
1/11/23 21:00,26571
1/11/23 22:00,24963
1/11/23 23:00,23862
1/12/23 0:00,23405
1/12/23 1:00,22844
1/12/23 2:00,22554
1/12/23 3:00,22341
1/12/23 4:00,22410
1/12/23 5:00,23398
1/12/23 6:00,25269
1/12/23 7:00,26191
1/12/23 8:00,26057
1/12/23 9:00,25864
1/12/23 10:00,24657
1/12/23 11:00,23911
1/12/23 12:00,23499
1/12/23 13:00,23271
1/12/23 14:00,22986
1/12/23 15:00,24876
1/12/23 16:00,25411
1/12/23 17:00,26952
1/12/23 18:00,27029
1/12/23 19:00,26454
1/12/23 20:00,25774
1/12/23 21:00,24906
1/12/23 22:00,23707
1/12/23 23:00,22693
1/13/23 0:00,21854
1/13/23 1:00,21285
1/13/23 2:00,20793
1/13/23 3:00,20529
1/13/23 4:00,21107
1/13/23 5:00,22452
1/13/23 6:00,24516
1/13/23 7:00,25724
1/13/23 8:00,25779
1/13/23 9:00,25669
1/13/23 10:00,25692
1/13/23 11:00,25739
1/13/23 12:00,25574
1/13/23 13:00,24760
1/13/23 14:00,24427
1/13/23 15:00,24605
1/13/23 16:00,25644
1/13/23 17:00,27081
1/13/23 18:00,26797
1/13/23 19:00,26246
1/13/23 20:00,25559
1/13/23 21:00,24781
1/13/23 22:00,23391
1/13/23 23:00,22106
1/14/23 0:00,21534
1/14/23 1:00,20914
1/14/23 2:00,20405
1/14/23 3:00,20181
1/14/23 4:00,20249
1/14/23 5:00,20816
1/14/23 6:00,21689
1/14/23 7:00,22228
1/14/23 8:00,23148
1/14/23 9:00,23941
1/14/23 10:00,24310
1/14/23 11:00,24286
1/14/23 12:00,24400
1/14/23 13:00,24773
1/14/23 14:00,24901
1/14/23 15:00,25169
1/14/23 16:00,25703
1/14/23 17:00,26548
1/14/23 18:00,26209
1/14/23 19:00,25916
1/14/23 20:00,25188
1/14/23 21:00,24288
1/14/23 22:00,23193
1/14/23 23:00,21966
1/15/23 0:00,21053
1/15/23 1:00,20584
1/15/23 2:00,20273
1/15/23 3:00,19914
1/15/23 4:00,20098
1/15/23 5:00,20543
1/15/23 6:00,21178
1/15/23 7:00,21502
1/15/23 8:00,22237
1/15/23 9:00,22722
1/15/23 10:00,22947
1/15/23 11:00,22815
1/15/23 12:00,22860
1/15/23 13:00,23242
1/15/23 14:00,23948
1/15/23 15:00,24571
1/15/23 16:00,25355
1/15/23 17:00,26459
1/15/23 18:00,26454
1/15/23 19:00,25984
1/15/23 20:00,25303
1/15/23 21:00,24559
1/15/23 22:00,23305
1/15/23 23:00,22086
1/16/23 0:00,21648
1/16/23 1:00,21047
1/16/23 2:00,20828
1/16/23 3:00,20683
1/16/23 4:00,21053
1/16/23 5:00,22280
1/16/23 6:00,23668
1/16/23 7:00,24488
1/16/23 8:00,25111
1/16/23 9:00,25531
1/16/23 10:00,24928
1/16/23 11:00,24539
1/16/23 12:00,24556
1/16/23 13:00,24360
1/16/23 14:00,24497
1/16/23 15:00,25150
1/16/23 16:00,26498
1/16/23 17:00,28366
1/16/23 18:00,28322
1/16/23 19:00,27743
1/16/23 20:00,27062
1/16/23 21:00,25991
1/16/23 22:00,24430
1/16/23 23:00,22982
1/17/23 0:00,22397
1/17/23 1:00,21901
1/17/23 2:00,21692
1/17/23 3:00,21735
1/17/23 4:00,22056
1/17/23 5:00,23663
1/17/23 6:00,26051
1/17/23 7:00,27363
1/17/23 8:00,27096
1/17/23 9:00,26041
1/17/23 10:00,25089
1/17/23 11:00,24192
1/17/23 12:00,23292
1/17/23 13:00,22740
1/17/23 14:00,22546
1/17/23 15:00,23719
1/17/23 16:00,25955
1/17/23 17:00,28175
1/17/23 18:00,28599
1/17/23 19:00,28197
1/17/23 20:00,27549
1/17/23 21:00,26685
1/17/23 22:00,25391
1/17/23 23:00,24062
1/18/23 0:00,23445
1/18/23 1:00,22885
1/18/23 2:00,22635
1/18/23 3:00,22364
1/18/23 4:00,22864
1/18/23 5:00,24471
1/18/23 6:00,26778
1/18/23 7:00,27743
1/18/23 8:00,27008
1/18/23 9:00,25561
1/18/23 10:00,24523
1/18/23 11:00,23636
1/18/23 12:00,23198
1/18/23 13:00,22867
1/18/23 14:00,23087
1/18/23 15:00,24303
1/18/23 16:00,26351
1/18/23 17:00,28192
1/18/23 18:00,28487
1/18/23 19:00,28042
1/18/23 20:00,27440
1/18/23 21:00,26404
1/18/23 22:00,24804
1/18/23 23:00,23598
1/19/23 0:00,23067
1/19/23 1:00,22458
1/19/23 2:00,22436
1/19/23 3:00,22560
1/19/23 4:00,23067
1/19/23 5:00,24678
1/19/23 6:00,26674
1/19/23 7:00,27588
1/19/23 8:00,26908
1/19/23 9:00,26126
1/19/23 10:00,25206
1/19/23 11:00,24241
1/19/23 12:00,23606
1/19/23 13:00,23201
1/19/23 14:00,23460
1/19/23 15:00,24883
1/19/23 16:00,26811
1/19/23 17:00,28593
1/19/23 18:00,28913
1/19/23 19:00,28314
1/19/23 20:00,27584
1/19/23 21:00,26652
1/19/23 22:00,25400
1/19/23 23:00,23912
1/20/23 0:00,23155
1/20/23 1:00,22759
1/20/23 2:00,22713
1/20/23 3:00,22593
1/20/23 4:00,23068
1/20/23 5:00,24622
1/20/23 6:00,26587
1/20/23 7:00,27511
1/20/23 8:00,26787
1/20/23 9:00,25376
1/20/23 10:00,24081
1/20/23 11:00,23338
1/20/23 12:00,22810
1/20/23 13:00,22150
1/20/23 14:00,22022
1/20/23 15:00,23332
1/20/23 16:00,25339
1/20/23 17:00,27420
1/20/23 18:00,27803
1/20/23 19:00,27443
1/20/23 20:00,26970
1/20/23 21:00,26355
1/20/23 22:00,25483
1/20/23 23:00,24356
1/21/23 0:00,23371
1/21/23 1:00,22673
1/21/23 2:00,22085
1/21/23 3:00,21957
1/21/23 4:00,22294
1/21/23 5:00,22927
1/21/23 6:00,23743
1/21/23 7:00,24342
1/21/23 8:00,24191
1/21/23 9:00,22748
1/21/23 10:00,21536
1/21/23 11:00,20367
1/21/23 12:00,19773
1/21/23 13:00,19507
1/21/23 14:00,19899
1/21/23 15:00,21095
1/21/23 16:00,23223
1/21/23 17:00,25585
1/21/23 18:00,26222
1/21/23 19:00,25835
1/21/23 20:00,25494
1/21/23 21:00,25020
1/21/23 22:00,24388
1/21/23 23:00,23448
1/22/23 0:00,22621
1/22/23 1:00,21860
1/22/23 2:00,21511
1/22/23 3:00,21390
1/22/23 4:00,21568
1/22/23 5:00,22133
1/22/23 6:00,22821
1/22/23 7:00,22998
1/22/23 8:00,22431
1/22/23 9:00,21611
1/22/23 10:00,20900
1/22/23 11:00,19675
1/22/23 12:00,19414
1/22/23 13:00,19740
1/22/23 14:00,19928
1/22/23 15:00,21123
1/22/23 16:00,23415
1/22/23 17:00,25708
1/22/23 18:00,26357
1/22/23 19:00,26353
1/22/23 20:00,25780
1/22/23 21:00,24899
1/22/23 22:00,23614
1/22/23 23:00,22538
1/23/23 0:00,21720
1/23/23 1:00,21621
1/23/23 2:00,21659
1/23/23 3:00,21552
1/23/23 4:00,22146
1/23/23 5:00,23890
1/23/23 6:00,26140
1/23/23 7:00,26983
1/23/23 8:00,26053
1/23/23 9:00,24929
1/23/23 10:00,24058
1/23/23 11:00,23471
1/23/23 12:00,23115
1/23/23 13:00,22508
1/23/23 14:00,22319
1/23/23 15:00,23261
1/23/23 16:00,25484
1/23/23 17:00,27787
1/23/23 18:00,28251
1/23/23 19:00,27836
1/23/23 20:00,27173
1/23/23 21:00,26211
1/23/23 22:00,24775
1/23/23 23:00,23493
1/24/23 0:00,22574
1/24/23 1:00,21970
1/24/23 2:00,21913
1/24/23 3:00,22476
1/24/23 4:00,22995
1/24/23 5:00,24366
1/24/23 6:00,26797
1/24/23 7:00,27556
1/24/23 8:00,26391
1/24/23 9:00,24638
1/24/23 10:00,23531
1/24/23 11:00,23030
1/24/23 12:00,22668
1/24/23 13:00,22699
1/24/23 14:00,22585
1/24/23 15:00,23249
1/24/23 16:00,25161
1/24/23 17:00,27343
1/24/23 18:00,27844
1/24/23 19:00,27432
1/24/23 20:00,26861
1/24/23 21:00,25858
1/24/23 22:00,24495
1/24/23 23:00,23270
1/25/23 0:00,22300
1/25/23 1:00,21944
1/25/23 2:00,21743
1/25/23 3:00,21962
1/25/23 4:00,22688
1/25/23 5:00,24463
1/25/23 6:00,26732
1/25/23 7:00,27408
1/25/23 8:00,26209
1/25/23 9:00,24773
1/25/23 10:00,23864
1/25/23 11:00,23415
1/25/23 12:00,23086
1/25/23 13:00,22730
1/25/23 14:00,22448
1/25/23 15:00,23353
1/25/23 16:00,24977
1/25/23 17:00,26813
1/25/23 18:00,27283
1/25/23 19:00,26890
1/25/23 20:00,26220
1/25/23 21:00,25226
1/25/23 22:00,23738
1/25/23 23:00,22570
1/26/23 0:00,22198
1/26/23 1:00,21917
1/26/23 2:00,21543
1/26/23 3:00,21492
1/26/23 4:00,22239
1/26/23 5:00,23666
1/26/23 6:00,25560
1/26/23 7:00,26227
1/26/23 8:00,25219
1/26/23 9:00,23931
1/26/23 10:00,23279
1/26/23 11:00,22511
1/26/23 12:00,22034
1/26/23 13:00,21919
1/26/23 14:00,22176
1/26/23 15:00,22852
1/26/23 16:00,24670
1/26/23 17:00,26684
1/26/23 18:00,27333
1/26/23 19:00,27070
1/26/23 20:00,26517
1/26/23 21:00,25526
1/26/23 22:00,24192
1/26/23 23:00,23094
1/27/23 0:00,22439
1/27/23 1:00,22022
1/27/23 2:00,21862
1/27/23 3:00,22008
1/27/23 4:00,22376
1/27/23 5:00,23769
1/27/23 6:00,25794
1/27/23 7:00,26562
1/27/23 8:00,25415
1/27/23 9:00,24241
1/27/23 10:00,23590
1/27/23 11:00,22697
1/27/23 12:00,22063
1/27/23 13:00,21864
1/27/23 14:00,22289
1/27/23 15:00,23121
1/27/23 16:00,24361
1/27/23 17:00,26150
1/27/23 18:00,26465
1/27/23 19:00,26059
1/27/23 20:00,25665
1/27/23 21:00,25212
1/27/23 22:00,24000
1/27/23 23:00,22759
1/28/23 0:00,21967
1/28/23 1:00,21261
1/28/23 2:00,20861
1/28/23 3:00,20793
1/28/23 4:00,21246
1/28/23 5:00,22200
1/28/23 6:00,23082
1/28/23 7:00,23076
1/28/23 8:00,22538
1/28/23 9:00,21955
1/28/23 10:00,21418
1/28/23 11:00,20155
1/28/23 12:00,19267
1/28/23 13:00,19095
1/28/23 14:00,19549
1/28/23 15:00,20644
1/28/23 16:00,22406
1/28/23 17:00,24567
1/28/23 18:00,25223
1/28/23 19:00,24928
1/28/23 20:00,24442
1/28/23 21:00,23897
1/28/23 22:00,23117
1/28/23 23:00,22042
1/29/23 0:00,21344
1/29/23 1:00,20874
1/29/23 2:00,20318
1/29/23 3:00,20115
1/29/23 4:00,20281
1/29/23 5:00,20791
1/29/23 6:00,21447
1/29/23 7:00,21960
1/29/23 8:00,22821
1/29/23 9:00,23873
1/29/23 10:00,24040
1/29/23 11:00,23764
1/29/23 12:00,23485
1/29/23 13:00,22653
1/29/23 14:00,22539
1/29/23 15:00,23172
1/29/23 16:00,24378
1/29/23 17:00,26155
1/29/23 18:00,26639
1/29/23 19:00,26354
1/29/23 20:00,25657
1/29/23 21:00,24679
1/29/23 22:00,23238
1/29/23 23:00,22212
1/30/23 0:00,21747
1/30/23 1:00,21461
1/30/23 2:00,21115
1/30/23 3:00,21172
1/30/23 4:00,21727
1/30/23 5:00,23267
1/30/23 6:00,25604
1/30/23 7:00,26807
1/30/23 8:00,26322
1/30/23 9:00,25252
1/30/23 10:00,24950
1/30/23 11:00,24867
1/30/23 12:00,25157
1/30/23 13:00,24947
1/30/23 14:00,24537
1/30/23 15:00,25208
1/30/23 16:00,26427
1/30/23 17:00,28111
1/30/23 18:00,28652
1/30/23 19:00,28051
1/30/23 20:00,27314
1/30/23 21:00,26240
1/30/23 22:00,24799
1/30/23 23:00,23534
1/31/23 0:00,23132
1/31/23 1:00,23146
1/31/23 2:00,22789
1/31/23 3:00,22802
1/31/23 4:00,23055
1/31/23 5:00,24656
1/31/23 6:00,26706
1/31/23 7:00,27321
1/31/23 8:00,25968
1/31/23 9:00,24394
1/31/23 10:00,23249
1/31/23 11:00,22581
1/31/23 12:00,22583
1/31/23 13:00,22394
1/31/23 14:00,22585
1/31/23 15:00,23150
1/31/23 16:00,24778
1/31/23 17:00,27131
1/31/23 18:00,27950
1/31/23 19:00,27694
1/31/23 20:00,27177
1/31/23 21:00,26290
1/31/23 22:00,24796
1/31/23 23:00,23553
2/1/23 0:00,23146
2/1/23 1:00,23119
2/1/23 2:00,22669
2/1/23 3:00,22470
2/1/23 4:00,23008
2/1/23 5:00,24625
2/1/23 6:00,26711
2/1/23 7:00,27131
2/1/23 8:00,25730
2/1/23 9:00,24125
2/1/23 10:00,23256
2/1/23 11:00,22544
2/1/23 12:00,21846
2/1/23 13:00,21634
2/1/23 14:00,22042
2/1/23 15:00,22661
2/1/23 16:00,24755
2/1/23 17:00,27042
2/1/23 18:00,27758
2/1/23 19:00,27437
2/1/23 20:00,26913
2/1/23 21:00,26026
2/1/23 22:00,24486
2/1/23 23:00,23356
2/2/23 0:00,22996
2/2/23 1:00,22596
2/2/23 2:00,22352
2/2/23 3:00,22129
2/2/23 4:00,22735
2/2/23 5:00,24492
2/2/23 6:00,26482
2/2/23 7:00,27168
2/2/23 8:00,26400
2/2/23 9:00,25390
2/2/23 10:00,24402
2/2/23 11:00,23239
2/2/23 12:00,22641
2/2/23 13:00,22785
2/2/23 14:00,22954
2/2/23 15:00,23718
2/2/23 16:00,25055
2/2/23 17:00,26999
2/2/23 18:00,27459
2/2/23 19:00,27114
2/2/23 20:00,26340
2/2/23 21:00,25278
2/2/23 22:00,23793
2/2/23 23:00,22728
2/3/23 0:00,22216
2/3/23 1:00,21661
2/3/23 2:00,21340
2/3/23 3:00,21250
2/3/23 4:00,21751
2/3/23 5:00,23329
2/3/23 6:00,25470
2/3/23 7:00,26327
2/3/23 8:00,26106
2/3/23 9:00,25786
2/3/23 10:00,25462
2/3/23 11:00,24673
2/3/23 12:00,24348
2/3/23 13:00,24054
2/3/23 14:00,24052
2/3/23 15:00,24126
2/3/23 16:00,24660
2/3/23 17:00,26091
2/3/23 18:00,26428
2/3/23 19:00,25884
2/3/23 20:00,25356
2/3/23 21:00,24715
2/3/23 22:00,23826
2/3/23 23:00,22925
2/4/23 0:00,22330
2/4/23 1:00,21620
2/4/23 2:00,21173
2/4/23 3:00,20956
2/4/23 4:00,21177
2/4/23 5:00,21818
2/4/23 6:00,22459
2/4/23 7:00,22229
2/4/23 8:00,21999
2/4/23 9:00,21288
2/4/23 10:00,20375
2/4/23 11:00,19549
2/4/23 12:00,19755
2/4/23 13:00,19786
2/4/23 14:00,20713
2/4/23 15:00,21664
2/4/23 16:00,22687
2/4/23 17:00,24182
2/4/23 18:00,24624
2/4/23 19:00,24323
2/4/23 20:00,23733
2/4/23 21:00,23141
2/4/23 22:00,22333
2/4/23 23:00,21546
2/5/23 0:00,21027
2/5/23 1:00,20607
2/5/23 2:00,20142
2/5/23 3:00,19962
2/5/23 4:00,19999
2/5/23 5:00,20427
2/5/23 6:00,21059
2/5/23 7:00,21405
2/5/23 8:00,21694
2/5/23 9:00,21038
2/5/23 10:00,20480
2/5/23 11:00,20286
2/5/23 12:00,19639
2/5/23 13:00,19347
2/5/23 14:00,19688
2/5/23 15:00,20769
2/5/23 16:00,22353
2/5/23 17:00,24571
2/5/23 18:00,25522
2/5/23 19:00,25344
2/5/23 20:00,24867
2/5/23 21:00,24342
2/5/23 22:00,23560
2/5/23 23:00,22601
2/6/23 0:00,21990
2/6/23 1:00,21423
2/6/23 2:00,21125
2/6/23 3:00,21151
2/6/23 4:00,21543
2/6/23 5:00,22884
2/6/23 6:00,25080
2/6/23 7:00,25943
2/6/23 8:00,25041
2/6/23 9:00,23862
2/6/23 10:00,23294
2/6/23 11:00,22586
2/6/23 12:00,21635
2/6/23 13:00,20932
2/6/23 14:00,21028
2/6/23 15:00,22186
2/6/23 16:00,23961
2/6/23 17:00,26405
2/6/23 18:00,27318
2/6/23 19:00,26881
2/6/23 20:00,26381
2/6/23 21:00,25436
2/6/23 22:00,23895
2/6/23 23:00,22930
2/7/23 0:00,22052
2/7/23 1:00,21569
2/7/23 2:00,21459
2/7/23 3:00,21492
2/7/23 4:00,22103
2/7/23 5:00,23656
2/7/23 6:00,25713
2/7/23 7:00,26192
2/7/23 8:00,24757
2/7/23 9:00,23315
2/7/23 10:00,22738
2/7/23 11:00,21792
2/7/23 12:00,21379
2/7/23 13:00,21419
2/7/23 14:00,21470
2/7/23 15:00,22295
2/7/23 16:00,23866
2/7/23 17:00,26053
2/7/23 18:00,26880
2/7/23 19:00,26597
2/7/23 20:00,25964
2/7/23 21:00,25052
2/7/23 22:00,23756
2/7/23 23:00,22662
2/8/23 0:00,21898
2/8/23 1:00,21266
2/8/23 2:00,20940
2/8/23 3:00,21011
2/8/23 4:00,21770
2/8/23 5:00,23416
2/8/23 6:00,25446
2/8/23 7:00,25761
2/8/23 8:00,24478
2/8/23 9:00,23372
2/8/23 10:00,22263
2/8/23 11:00,21370
2/8/23 12:00,20975
2/8/23 13:00,20916
2/8/23 14:00,21139
2/8/23 15:00,22136
2/8/23 16:00,23612
2/8/23 17:00,25813
2/8/23 18:00,26625
2/8/23 19:00,26202
2/8/23 20:00,25543
2/8/23 21:00,24727
2/8/23 22:00,23347
2/8/23 23:00,22185
2/9/23 0:00,21846
2/9/23 1:00,21061
2/9/23 2:00,20544
2/9/23 3:00,20617
2/9/23 4:00,21554
2/9/23 5:00,23178
2/9/23 6:00,25111
2/9/23 7:00,25422
2/9/23 8:00,23913
2/9/23 9:00,22669
2/9/23 10:00,22043
2/9/23 11:00,21587
2/9/23 12:00,21248
2/9/23 13:00,21650
2/9/23 14:00,21911
2/9/23 15:00,22508
2/9/23 16:00,23890
2/9/23 17:00,25812
2/9/23 18:00,26439
2/9/23 19:00,25893
2/9/23 20:00,25280
2/9/23 21:00,24429
2/9/23 22:00,23021
2/9/23 23:00,21912
2/10/23 0:00,21402
2/10/23 1:00,20726
2/10/23 2:00,20386
2/10/23 3:00,20421
2/10/23 4:00,21042
2/10/23 5:00,22666
2/10/23 6:00,24426
2/10/23 7:00,24821
2/10/23 8:00,23782
2/10/23 9:00,22848
2/10/23 10:00,22686
2/10/23 11:00,21950
2/10/23 12:00,21582
2/10/23 13:00,21674
2/10/23 14:00,21917
2/10/23 15:00,22187
2/10/23 16:00,23761
2/10/23 17:00,25475
2/10/23 18:00,25965
2/10/23 19:00,25452
2/10/23 20:00,24896
2/10/23 21:00,24147
2/10/23 22:00,23173
2/10/23 23:00,22064
2/11/23 0:00,21329
2/11/23 1:00,20690
2/11/23 2:00,20115
2/11/23 3:00,19836
2/11/23 4:00,20035
2/11/23 5:00,20652
2/11/23 6:00,21522
2/11/23 7:00,21613
2/11/23 8:00,20993
2/11/23 9:00,20606
2/11/23 10:00,20592
2/11/23 11:00,20437
2/11/23 12:00,20201
2/11/23 13:00,19746
2/11/23 14:00,19761
2/11/23 15:00,20330
2/11/23 16:00,21754
2/11/23 17:00,23970
2/11/23 18:00,24912
2/11/23 19:00,24592
2/11/23 20:00,24219
2/11/23 21:00,23718
2/11/23 22:00,22955
2/11/23 23:00,22146
2/12/23 0:00,21326
2/12/23 1:00,20773
2/12/23 2:00,20177
2/12/23 3:00,19917
2/12/23 4:00,20117
2/12/23 5:00,20629
2/12/23 6:00,21277
2/12/23 7:00,21068
2/12/23 8:00,19802
2/12/23 9:00,18702
2/12/23 10:00,18179
2/12/23 11:00,18053
2/12/23 12:00,17805
2/12/23 13:00,18317
2/12/23 14:00,19030
2/12/23 15:00,19866
2/12/23 16:00,21298
2/12/23 17:00,23498
2/12/23 18:00,24385
2/12/23 19:00,24138
2/12/23 20:00,24006
2/12/23 21:00,23416
2/12/23 22:00,22356
2/12/23 23:00,21675
2/13/23 0:00,21243
2/13/23 1:00,20371
2/13/23 2:00,20110
2/13/23 3:00,20120
2/13/23 4:00,20957
2/13/23 5:00,22490
2/13/23 6:00,24450
2/13/23 7:00,24781
2/13/23 8:00,23387
2/13/23 9:00,21955
2/13/23 10:00,21397
2/13/23 11:00,20829
2/13/23 12:00,20801
2/13/23 13:00,21016
2/13/23 14:00,21484
2/13/23 15:00,21979
2/13/23 16:00,23592
2/13/23 17:00,26048
2/13/23 18:00,26966
2/13/23 19:00,26590
2/13/23 20:00,25938
2/13/23 21:00,24994
2/13/23 22:00,23529
2/13/23 23:00,22094
2/14/23 0:00,21295
2/14/23 1:00,20739
2/14/23 2:00,20599
2/14/23 3:00,20739
2/14/23 4:00,21267
2/14/23 5:00,23081
2/14/23 6:00,25243
2/14/23 7:00,25911
2/14/23 8:00,24989
2/14/23 9:00,23695
2/14/23 10:00,22584
2/14/23 11:00,21960
2/14/23 12:00,22092
2/14/23 13:00,22489
2/14/23 14:00,22915
2/14/23 15:00,24127
2/14/23 16:00,25546
2/14/23 17:00,27314
2/14/23 18:00,28319
2/14/23 19:00,28072
2/14/23 20:00,27567
2/14/23 21:00,26590
2/14/23 22:00,25049
2/14/23 23:00,23672
2/15/23 0:00,23006
2/15/23 1:00,22447
2/15/23 2:00,21922
2/15/23 3:00,21924
2/15/23 4:00,22813
2/15/23 5:00,24718
2/15/23 6:00,26817
2/15/23 7:00,26958
2/15/23 8:00,25311
2/15/23 9:00,23531
2/15/23 10:00,22406
2/15/23 11:00,21759
2/15/23 12:00,21095
2/15/23 13:00,20950
2/15/23 14:00,21385
2/15/23 15:00,21952
2/15/23 16:00,24097
2/15/23 17:00,26858
2/15/23 18:00,28195
2/15/23 19:00,28011
2/15/23 20:00,27419
2/15/23 21:00,26578
2/15/23 22:00,25234
2/15/23 23:00,23986
2/16/23 0:00,23184
2/16/23 1:00,22696
2/16/23 2:00,22448
2/16/23 3:00,22651
2/16/23 4:00,23448
2/16/23 5:00,25352
2/16/23 6:00,27387
2/16/23 7:00,27648
2/16/23 8:00,26285
2/16/23 9:00,24681
2/16/23 10:00,23381
2/16/23 11:00,22735
2/16/23 12:00,22638
2/16/23 13:00,22210
2/16/23 14:00,22060
2/16/23 15:00,22673
2/16/23 16:00,24439
2/16/23 17:00,26756
2/16/23 18:00,28134
2/16/23 19:00,27895
2/16/23 20:00,27199
2/16/23 21:00,26242
2/16/23 22:00,24816
2/16/23 23:00,23589
2/17/23 0:00,22969
2/17/23 1:00,22327
2/17/23 2:00,22067
2/17/23 3:00,21912
2/17/23 4:00,22463
2/17/23 5:00,24180
2/17/23 6:00,25928
2/17/23 7:00,26312
2/17/23 8:00,25017
2/17/23 9:00,23346
2/17/23 10:00,22056
2/17/23 11:00,21271
2/17/23 12:00,20657
2/17/23 13:00,20569
2/17/23 14:00,20575
2/17/23 15:00,21058
2/17/23 16:00,23295
2/17/23 17:00,25581
2/17/23 18:00,26469
2/17/23 19:00,26176
2/17/23 20:00,25885
2/17/23 21:00,25272
2/17/23 22:00,24187
2/17/23 23:00,23103
2/18/23 0:00,22331
2/18/23 1:00,21510
2/18/23 2:00,21207
2/18/23 3:00,21222
2/18/23 4:00,21262
2/18/23 5:00,21847
2/18/23 6:00,22669
2/18/23 7:00,22748
2/18/23 8:00,21734
2/18/23 9:00,20141
2/18/23 10:00,19220
2/18/23 11:00,19049
2/18/23 12:00,18669
2/18/23 13:00,18668
2/18/23 14:00,18348
2/18/23 15:00,19131
2/18/23 16:00,20852
2/18/23 17:00,23368
2/18/23 18:00,24574
2/18/23 19:00,24514
2/18/23 20:00,24187
2/18/23 21:00,23864
2/18/23 22:00,22984
2/18/23 23:00,22132
2/19/23 0:00,21639
2/19/23 1:00,21102
2/19/23 2:00,20651
2/19/23 3:00,20392
2/19/23 4:00,20560
2/19/23 5:00,21310
2/19/23 6:00,21843
2/19/23 7:00,21570
2/19/23 8:00,20881
2/19/23 9:00,19307
2/19/23 10:00,18277
2/19/23 11:00,17568
2/19/23 12:00,16984
2/19/23 13:00,16983
2/19/23 14:00,17666
2/19/23 15:00,18972
2/19/23 16:00,20989
2/19/23 17:00,23075
2/19/23 18:00,24423
2/19/23 19:00,24298
2/19/23 20:00,23871
2/19/23 21:00,23423
2/19/23 22:00,22667
2/19/23 23:00,21610
2/20/23 0:00,21069
2/20/23 1:00,20540
2/20/23 2:00,20310
2/20/23 3:00,20416
2/20/23 4:00,20998
2/20/23 5:00,22205
2/20/23 6:00,23347
2/20/23 7:00,23371
2/20/23 8:00,22713
2/20/23 9:00,21489
2/20/23 10:00,20544
2/20/23 11:00,19711
2/20/23 12:00,19396
2/20/23 13:00,19581
2/20/23 14:00,19756
2/20/23 15:00,20832
2/20/23 16:00,22589
2/20/23 17:00,24838
2/20/23 18:00,25736
2/20/23 19:00,25386
2/20/23 20:00,24747
2/20/23 21:00,23885
2/20/23 22:00,22555
2/20/23 23:00,21357
2/21/23 0:00,20930
2/21/23 1:00,20517
2/21/23 2:00,20227
2/21/23 3:00,20376
2/21/23 4:00,21037
2/21/23 5:00,22380
2/21/23 6:00,23979
2/21/23 7:00,24529
2/21/23 8:00,24136
2/21/23 9:00,22898
2/21/23 10:00,21629
2/21/23 11:00,21185
2/21/23 12:00,21714
2/21/23 13:00,21503
2/21/23 14:00,21411
2/21/23 15:00,22512
2/21/23 16:00,24360
2/21/23 17:00,26054
2/21/23 18:00,26888
2/21/23 19:00,26597
2/21/23 20:00,26014
2/21/23 21:00,25219
2/21/23 22:00,24018
2/21/23 23:00,22975
2/22/23 0:00,22258
2/22/23 1:00,21757
2/22/23 2:00,21444
2/22/23 3:00,21506
2/22/23 4:00,22178
2/22/23 5:00,23549
2/22/23 6:00,25291
2/22/23 7:00,25531
2/22/23 8:00,24475
2/22/23 9:00,22898
2/22/23 10:00,21984
2/22/23 11:00,21666
2/22/23 12:00,21588
2/22/23 13:00,21350
2/22/23 14:00,22274
2/22/23 15:00,23091
2/22/23 16:00,24894
2/22/23 17:00,27374
2/22/23 18:00,28723
2/22/23 19:00,28510
2/22/23 20:00,27882
2/22/23 21:00,26793
2/22/23 22:00,25367
2/22/23 23:00,24171
2/23/23 0:00,23530
2/23/23 1:00,23244
2/23/23 2:00,22621
2/23/23 3:00,22454
2/23/23 4:00,22819
2/23/23 5:00,24491
2/23/23 6:00,26518
2/23/23 7:00,27001
2/23/23 8:00,26713
2/23/23 9:00,26390
2/23/23 10:00,26274
2/23/23 11:00,25392
2/23/23 12:00,24320
2/23/23 13:00,23599
2/23/23 14:00,23484
2/23/23 15:00,23908
2/23/23 16:00,25512
2/23/23 17:00,27797
2/23/23 18:00,28843
2/23/23 19:00,28558
2/23/23 20:00,27866
2/23/23 21:00,26912
2/23/23 22:00,25565
2/23/23 23:00,24294
2/24/23 0:00,23142
2/24/23 1:00,22446
2/24/23 2:00,22119
2/24/23 3:00,22188
2/24/23 4:00,22597
2/24/23 5:00,24138
2/24/23 6:00,26025
2/24/23 7:00,26962
2/24/23 8:00,27324
2/24/23 9:00,27448
2/24/23 10:00,27822
2/24/23 11:00,27691
2/24/23 12:00,27456
2/24/23 13:00,26856
2/24/23 14:00,26407
2/24/23 15:00,26503
2/24/23 16:00,26807
2/24/23 17:00,27752
2/24/23 18:00,28280
2/24/23 19:00,27859
2/24/23 20:00,27153
2/24/23 21:00,25903
2/24/23 22:00,24792
2/24/23 23:00,23485
2/25/23 0:00,22637
2/25/23 1:00,22132
2/25/23 2:00,21737
2/25/23 3:00,21451
2/25/23 4:00,21570
2/25/23 5:00,22183
2/25/23 6:00,23123
2/25/23 7:00,24330
2/25/23 8:00,25569
2/25/23 9:00,26395
2/25/23 10:00,26291
2/25/23 11:00,25375
2/25/23 12:00,24602
2/25/23 13:00,24144
2/25/23 14:00,24304
2/25/23 15:00,24117
2/25/23 16:00,24428
2/25/23 17:00,26040
2/25/23 18:00,26993
2/25/23 19:00,26732
2/25/23 20:00,26234
2/25/23 21:00,25480
2/25/23 22:00,24245
2/25/23 23:00,23214
2/26/23 0:00,22669
2/26/23 1:00,21908
2/26/23 2:00,21412
2/26/23 3:00,21277
2/26/23 4:00,21299
2/26/23 5:00,21618
2/26/23 6:00,22109
2/26/23 7:00,22752
2/26/23 8:00,22249
2/26/23 9:00,21570
2/26/23 10:00,21258
2/26/23 11:00,21074
2/26/23 12:00,21190
2/26/23 13:00,21608
2/26/23 14:00,22384
2/26/23 15:00,23195
2/26/23 16:00,24364
2/26/23 17:00,25865
2/26/23 18:00,27001
2/26/23 19:00,26694
2/26/23 20:00,26126
2/26/23 21:00,25349
2/26/23 22:00,23924
2/26/23 23:00,22651
2/27/23 0:00,22096
2/27/23 1:00,21736
2/27/23 2:00,21432
2/27/23 3:00,21450
2/27/23 4:00,22168
2/27/23 5:00,23742
2/27/23 6:00,25792
2/27/23 7:00,27101
2/27/23 8:00,27377
2/27/23 9:00,27018
2/27/23 10:00,27253
2/27/23 11:00,27377
2/27/23 12:00,26625
2/27/23 13:00,25931
2/27/23 14:00,25452
2/27/23 15:00,25477
2/27/23 16:00,26356
2/27/23 17:00,28037
2/27/23 18:00,29045
2/27/23 19:00,28612
2/27/23 20:00,27862
2/27/23 21:00,26646
2/27/23 22:00,25044
2/27/23 23:00,23661
2/28/23 0:00,22919
2/28/23 1:00,22196
2/28/23 2:00,21766
2/28/23 3:00,21881
2/28/23 4:00,22430
2/28/23 5:00,23775
2/28/23 6:00,25713
2/28/23 7:00,26545
2/28/23 8:00,26448
2/28/23 9:00,25744
2/28/23 10:00,25240
2/28/23 11:00,24643
2/28/23 12:00,23790
2/28/23 13:00,23656
2/28/23 14:00,23827
2/28/23 15:00,24418
2/28/23 16:00,25783
2/28/23 17:00,27588
2/28/23 18:00,28510
2/28/23 19:00,28126
2/28/23 20:00,27361
2/28/23 21:00,26227
2/28/23 22:00,24686
2/28/23 23:00,23432
3/1/23 0:00,22590
3/1/23 1:00,22108
3/1/23 2:00,21814
3/1/23 3:00,21821
3/1/23 4:00,22331
3/1/23 5:00,23931
3/1/23 6:00,25974
3/1/23 7:00,26582
3/1/23 8:00,25838
3/1/23 9:00,24418
3/1/23 10:00,23319
3/1/23 11:00,22887
3/1/23 12:00,22287
3/1/23 13:00,21602
3/1/23 14:00,21774
3/1/23 15:00,22771
3/1/23 16:00,24550
3/1/23 17:00,27022
3/1/23 18:00,28650
3/1/23 19:00,28562
3/1/23 20:00,28004
3/1/23 21:00,27112
3/1/23 22:00,25658
3/1/23 23:00,24650
3/2/23 0:00,23772
3/2/23 1:00,23083
3/2/23 2:00,22625
3/2/23 3:00,22680
3/2/23 4:00,23463
3/2/23 5:00,25222
3/2/23 6:00,26890
3/2/23 7:00,26440
3/2/23 8:00,24645
3/2/23 9:00,22676
3/2/23 10:00,21318
3/2/23 11:00,20883
3/2/23 12:00,20633
3/2/23 13:00,20508
3/2/23 14:00,20356
3/2/23 15:00,21154
3/2/23 16:00,22734
3/2/23 17:00,25459
3/2/23 18:00,27189
3/2/23 19:00,27152
3/2/23 20:00,26721
3/2/23 21:00,25930
3/2/23 22:00,24496
3/2/23 23:00,23269
3/3/23 0:00,22617
3/3/23 1:00,22223
3/3/23 2:00,22015
3/3/23 3:00,22036
3/3/23 4:00,22441
3/3/23 5:00,24104
3/3/23 6:00,25851
3/3/23 7:00,26134
3/3/23 8:00,24715
3/3/23 9:00,22589
3/3/23 10:00,21014
3/3/23 11:00,19988
3/3/23 12:00,19176
3/3/23 13:00,19027
3/3/23 14:00,19778
3/3/23 15:00,20973
3/3/23 16:00,22592
3/3/23 17:00,24729
3/3/23 18:00,26184
3/3/23 19:00,26112
3/3/23 20:00,25629
3/3/23 21:00,25023
3/3/23 22:00,23971
3/3/23 23:00,22858
3/4/23 0:00,22198
3/4/23 1:00,21610
3/4/23 2:00,21320
3/4/23 3:00,21121
3/4/23 4:00,21312
3/4/23 5:00,21858
3/4/23 6:00,22434
3/4/23 7:00,22561
3/4/23 8:00,22944
3/4/23 9:00,22647
3/4/23 10:00,23421
3/4/23 11:00,23195
3/4/23 12:00,21735
3/4/23 13:00,20173
3/4/23 14:00,19250
3/4/23 15:00,19812
3/4/23 16:00,21676
3/4/23 17:00,24067
3/4/23 18:00,25626
3/4/23 19:00,25605
3/4/23 20:00,25101
3/4/23 21:00,24535
3/4/23 22:00,23703
3/4/23 23:00,22850
3/5/23 0:00,22182
3/5/23 1:00,21503
3/5/23 2:00,21129
3/5/23 3:00,20843
3/5/23 4:00,20711
3/5/23 5:00,21002
3/5/23 6:00,21369
3/5/23 7:00,21665
3/5/23 8:00,21235
3/5/23 9:00,21445
3/5/23 10:00,21397
3/5/23 11:00,20900
3/5/23 12:00,20422
3/5/23 13:00,19950
3/5/23 14:00,20064
3/5/23 15:00,20946
3/5/23 16:00,22011
3/5/23 17:00,24379
3/5/23 18:00,26030
3/5/23 19:00,26030
3/5/23 20:00,25598
3/5/23 21:00,24766
3/5/23 22:00,23458
3/5/23 23:00,22399
3/6/23 0:00,22270
3/6/23 1:00,22018
3/6/23 2:00,21316
3/6/23 3:00,21201
3/6/23 4:00,21975
3/6/23 5:00,23552
3/6/23 6:00,25146
3/6/23 7:00,25543
3/6/23 8:00,24742
3/6/23 9:00,24059
3/6/23 10:00,23387
3/6/23 11:00,22872
3/6/23 12:00,22001
3/6/23 13:00,21634
3/6/23 14:00,22001
3/6/23 15:00,22463
3/6/23 16:00,24332
3/6/23 17:00,26208
3/6/23 18:00,27653
3/6/23 19:00,27572
3/6/23 20:00,26963
3/6/23 21:00,26111
3/6/23 22:00,24636
3/6/23 23:00,23305
3/7/23 0:00,22440
3/7/23 1:00,22145
3/7/23 2:00,21778
3/7/23 3:00,21611
3/7/23 4:00,22203
3/7/23 5:00,23801
3/7/23 6:00,25504
3/7/23 7:00,25518
3/7/23 8:00,24047
3/7/23 9:00,22422
3/7/23 10:00,21902
3/7/23 11:00,21120
3/7/23 12:00,21079
3/7/23 13:00,20930
3/7/23 14:00,20891
3/7/23 15:00,21558
3/7/23 16:00,23321
3/7/23 17:00,25693
3/7/23 18:00,27301
3/7/23 19:00,27253
3/7/23 20:00,26801
3/7/23 21:00,25929
3/7/23 22:00,24415
3/7/23 23:00,23217
3/8/23 0:00,22648
3/8/23 1:00,22402
3/8/23 2:00,22117
3/8/23 3:00,21899
3/8/23 4:00,22535
3/8/23 5:00,24170
3/8/23 6:00,25826
3/8/23 7:00,26112
3/8/23 8:00,25315
3/8/23 9:00,23442
3/8/23 10:00,23001
3/8/23 11:00,21619
3/8/23 12:00,21092
3/8/23 13:00,21026
3/8/23 14:00,20700
3/8/23 15:00,21405
3/8/23 16:00,23059
3/8/23 17:00,25487
3/8/23 18:00,27292
3/8/23 19:00,27449
3/8/23 20:00,26937
3/8/23 21:00,26090
3/8/23 22:00,24808
3/8/23 23:00,23651
3/9/23 0:00,23135
3/9/23 1:00,22915
3/9/23 2:00,22850
3/9/23 3:00,22614
3/9/23 4:00,22968
3/9/23 5:00,24432
3/9/23 6:00,25955
3/9/23 7:00,25957
3/9/23 8:00,25114
3/9/23 9:00,24133
3/9/23 10:00,23934
3/9/23 11:00,23768
3/9/23 12:00,23945
3/9/23 13:00,24281
3/9/23 14:00,24456
3/9/23 15:00,25097
3/9/23 16:00,26047
3/9/23 17:00,27537
3/9/23 18:00,28216
3/9/23 19:00,27746
3/9/23 20:00,27077
3/9/23 21:00,26146
3/9/23 22:00,24701
3/9/23 23:00,23354
3/10/23 0:00,22754
3/10/23 1:00,22319
3/10/23 2:00,21721
3/10/23 3:00,21403
3/10/23 4:00,21504
3/10/23 5:00,22782
3/10/23 6:00,24468
3/10/23 7:00,25693
3/10/23 8:00,26140
3/10/23 9:00,26328
3/10/23 10:00,26611
3/10/23 11:00,26660
3/10/23 12:00,26032
3/10/23 13:00,25340
3/10/23 14:00,25210
3/10/23 15:00,25308
3/10/23 16:00,25651
3/10/23 17:00,26677
3/10/23 18:00,27236
3/10/23 19:00,26839
3/10/23 20:00,26177
3/10/23 21:00,25331
3/10/23 22:00,24093
3/10/23 23:00,23052
3/11/23 0:00,22317
3/11/23 1:00,21573
3/11/23 2:00,21087
3/11/23 3:00,20831
3/11/23 4:00,20896
3/11/23 5:00,21284
3/11/23 6:00,21705
3/11/23 7:00,22482
3/11/23 8:00,23266
3/11/23 9:00,23434
3/11/23 10:00,23774
3/11/23 11:00,23090
3/11/23 12:00,22747
3/11/23 13:00,22402
3/11/23 14:00,22118
3/11/23 15:00,22639
3/11/23 16:00,23403
3/11/23 17:00,24769
3/11/23 18:00,25821
3/11/23 19:00,25460
3/11/23 20:00,24906
3/11/23 21:00,24209
3/11/23 22:00,23297
3/11/23 23:00,22558
3/12/23 0:00,21835
3/12/23 1:00,21302
3/12/23 2:00,
3/12/23 3:00,20920
3/12/23 4:00,21013
3/12/23 5:00,21092
3/12/23 6:00,21301
3/12/23 7:00,21761
3/12/23 8:00,22230
3/12/23 9:00,21785
3/12/23 10:00,21398
3/12/23 11:00,21491
3/12/23 12:00,21040
3/12/23 13:00,20639
3/12/23 14:00,20108
3/12/23 15:00,20253
3/12/23 16:00,21100
3/12/23 17:00,22672
3/12/23 18:00,24326
3/12/23 19:00,25500
3/12/23 20:00,25235
3/12/23 21:00,24542
3/12/23 22:00,23360
3/12/23 23:00,22440
3/13/23 0:00,21755
3/13/23 1:00,21349
3/13/23 2:00,21329
3/13/23 3:00,21270
3/13/23 4:00,21369
3/13/23 5:00,22571
3/13/23 6:00,24430
3/13/23 7:00,25705
3/13/23 8:00,25714
3/13/23 9:00,25473
3/13/23 10:00,24470
3/13/23 11:00,23311
3/13/23 12:00,22256
3/13/23 13:00,21376
3/13/23 14:00,21317
3/13/23 15:00,21801
3/13/23 16:00,22771
3/13/23 17:00,24273
3/13/23 18:00,26046
3/13/23 19:00,27095
3/13/23 20:00,26538
3/13/23 21:00,25778
3/13/23 22:00,24581
3/13/23 23:00,23234
3/14/23 0:00,22506
3/14/23 1:00,21909
3/14/23 2:00,21510
3/14/23 3:00,21228
3/14/23 4:00,21444
3/14/23 5:00,22503
3/14/23 6:00,24326
3/14/23 7:00,25593
3/14/23 8:00,26319
3/14/23 9:00,26894
3/14/23 10:00,26924
3/14/23 11:00,26800
3/14/23 12:00,26150
3/14/23 13:00,25334
3/14/23 14:00,24600
3/14/23 15:00,24633
3/14/23 16:00,24850
3/14/23 17:00,25559
3/14/23 18:00,26438
3/14/23 19:00,26822
3/14/23 20:00,26468
3/14/23 21:00,25861
3/14/23 22:00,24430
3/14/23 23:00,23241
3/15/23 0:00,22731
3/15/23 1:00,22146
3/15/23 2:00,21941
3/15/23 3:00,21771
3/15/23 4:00,21964
3/15/23 5:00,23260
3/15/23 6:00,25023
3/15/23 7:00,26306
3/15/23 8:00,25968
3/15/23 9:00,25186
3/15/23 10:00,24593
3/15/23 11:00,23809
3/15/23 12:00,23217
3/15/23 13:00,22619
3/15/23 14:00,22585
3/15/23 15:00,22305
3/15/23 16:00,22983
3/15/23 17:00,23959
3/15/23 18:00,25527
3/15/23 19:00,26754
3/15/23 20:00,26494
3/15/23 21:00,25657
3/15/23 22:00,24179
3/15/23 23:00,23019
3/16/23 0:00,22390
3/16/23 1:00,21923
3/16/23 2:00,21729
3/16/23 3:00,21684
3/16/23 4:00,21927
3/16/23 5:00,23161
3/16/23 6:00,25279
3/16/23 7:00,26423
3/16/23 8:00,25980
3/16/23 9:00,23522
3/16/23 10:00,23209
3/16/23 11:00,22464
3/16/23 12:00,21642
3/16/23 13:00,21189
3/16/23 14:00,20829
3/16/23 15:00,20918
3/16/23 16:00,21086
3/16/23 17:00,22391
3/16/23 18:00,24350
3/16/23 19:00,25924
3/16/23 20:00,25859
3/16/23 21:00,25099
3/16/23 22:00,23913
3/16/23 23:00,22681
3/17/23 0:00,21901
3/17/23 1:00,21262
3/17/23 2:00,20946
3/17/23 3:00,20855
3/17/23 4:00,21411
3/17/23 5:00,22919
3/17/23 6:00,24936
3/17/23 7:00,26050
3/17/23 8:00,25615
3/17/23 9:00,24121
3/17/23 10:00,22478
3/17/23 11:00,20586
3/17/23 12:00,19330
3/17/23 13:00,18703
3/17/23 14:00,18937
3/17/23 15:00,19730
3/17/23 16:00,20956
3/17/23 17:00,22184
3/17/23 18:00,23656
3/17/23 19:00,24915
3/17/23 20:00,24780
3/17/23 21:00,24182
3/17/23 22:00,23166
3/17/23 23:00,22053
3/18/23 0:00,21377
3/18/23 1:00,20733
3/18/23 2:00,20393
3/18/23 3:00,20155
3/18/23 4:00,20294
3/18/23 5:00,20886
3/18/23 6:00,21645
3/18/23 7:00,21918
3/18/23 8:00,21335
3/18/23 9:00,19833
3/18/23 10:00,18818
3/18/23 11:00,17912
3/18/23 12:00,17487
3/18/23 13:00,17489
3/18/23 14:00,18169
3/18/23 15:00,19431
3/18/23 16:00,20614
3/18/23 17:00,21765
3/18/23 18:00,23076
3/18/23 19:00,23955
3/18/23 20:00,23762
3/18/23 21:00,23251
3/18/23 22:00,22261
3/18/23 23:00,21336
3/19/23 0:00,20729
3/19/23 1:00,20055
3/19/23 2:00,19598
3/19/23 3:00,19397
3/19/23 4:00,19427
3/19/23 5:00,19588
3/19/23 6:00,20189
3/19/23 7:00,20666
3/19/23 8:00,21056
3/19/23 9:00,21299
3/19/23 10:00,21415
3/19/23 11:00,21678
3/19/23 12:00,21848
3/19/23 13:00,21572
3/19/23 14:00,21334
3/19/23 15:00,21330
3/19/23 16:00,21840
3/19/23 17:00,23136
3/19/23 18:00,23883
3/19/23 19:00,24778
3/19/23 20:00,24541
3/19/23 21:00,23816
3/19/23 22:00,22630
3/19/23 23:00,21585
3/20/23 0:00,20870
3/20/23 1:00,20295
3/20/23 2:00,20151
3/20/23 3:00,20476
3/20/23 4:00,20878
3/20/23 5:00,22176
3/20/23 6:00,24040
3/20/23 7:00,25206
3/20/23 8:00,25140
3/20/23 9:00,25070
3/20/23 10:00,24072
3/20/23 11:00,23599
3/20/23 12:00,23121
3/20/23 13:00,22014
3/20/23 14:00,21469
3/20/23 15:00,21135
3/20/23 16:00,21645
3/20/23 17:00,23549
3/20/23 18:00,25093
3/20/23 19:00,26129
3/20/23 20:00,25816
3/20/23 21:00,25038
3/20/23 22:00,23728
3/20/23 23:00,22454
3/21/23 0:00,21850
3/21/23 1:00,21405
3/21/23 2:00,20882
3/21/23 3:00,20756
3/21/23 4:00,21158
3/21/23 5:00,22557
3/21/23 6:00,24707
3/21/23 7:00,26520
3/21/23 8:00,27197
3/21/23 9:00,27379
3/21/23 10:00,26943
3/21/23 11:00,26372
3/21/23 12:00,24732
3/21/23 13:00,23839
3/21/23 14:00,24654
3/21/23 15:00,25170
3/21/23 16:00,25764
3/21/23 17:00,26537
3/21/23 18:00,27093
3/21/23 19:00,27650
3/21/23 20:00,27212
3/21/23 21:00,26186
3/21/23 22:00,24692
3/21/23 23:00,23371
3/22/23 0:00,22621
3/22/23 1:00,22261
3/22/23 2:00,22027
3/22/23 3:00,22002
3/22/23 4:00,22199
3/22/23 5:00,23535
3/22/23 6:00,25473
3/22/23 7:00,26565
3/22/23 8:00,26640
3/22/23 9:00,26171
3/22/23 10:00,25376
3/22/23 11:00,24820
3/22/23 12:00,24603
3/22/23 13:00,23739
3/22/23 14:00,23148
3/22/23 15:00,22712
3/22/23 16:00,23447
3/22/23 17:00,24746
3/22/23 18:00,26043
3/22/23 19:00,27119
3/22/23 20:00,26877
3/22/23 21:00,26000
3/22/23 22:00,24618
3/22/23 23:00,23341
3/23/23 0:00,22518
3/23/23 1:00,21945
3/23/23 2:00,21875
3/23/23 3:00,21856
3/23/23 4:00,22135
3/23/23 5:00,23548
3/23/23 6:00,25594
3/23/23 7:00,26667
3/23/23 8:00,26621
3/23/23 9:00,26014
3/23/23 10:00,24997
3/23/23 11:00,24452
3/23/23 12:00,23723
3/23/23 13:00,23153
3/23/23 14:00,22606
3/23/23 15:00,22685
3/23/23 16:00,22975
3/23/23 17:00,24155
3/23/23 18:00,26067
3/23/23 19:00,27560
3/23/23 20:00,27455
3/23/23 21:00,26632
3/23/23 22:00,25317
3/23/23 23:00,23953
3/24/23 0:00,23179
3/24/23 1:00,22519
3/24/23 2:00,22365
3/24/23 3:00,22107
3/24/23 4:00,22464
3/24/23 5:00,23959
3/24/23 6:00,25948
3/24/23 7:00,26721
3/24/23 8:00,25822
3/24/23 9:00,24016
3/24/23 10:00,22672
3/24/23 11:00,21119
3/24/23 12:00,19902
3/24/23 13:00,18794
3/24/23 14:00,18318
3/24/23 15:00,18747
3/24/23 16:00,20076
3/24/23 17:00,22286
3/24/23 18:00,24621
3/24/23 19:00,26336
3/24/23 20:00,26504
3/24/23 21:00,25944
3/24/23 22:00,24897
3/24/23 23:00,23884
3/25/23 0:00,23144
3/25/23 1:00,22364
3/25/23 2:00,21937
3/25/23 3:00,21696
3/25/23 4:00,21624
3/25/23 5:00,22254
3/25/23 6:00,23054
3/25/23 7:00,23038
3/25/23 8:00,22019
3/25/23 9:00,20578
3/25/23 10:00,18857
3/25/23 11:00,17390
3/25/23 12:00,16470
3/25/23 13:00,15869
3/25/23 14:00,15664
3/25/23 15:00,16369
3/25/23 16:00,18083
3/25/23 17:00,20517
3/25/23 18:00,22959
3/25/23 19:00,24762
3/25/23 20:00,25024
3/25/23 21:00,24604
3/25/23 22:00,23793
3/25/23 23:00,23030
3/26/23 0:00,22474
3/26/23 1:00,21842
3/26/23 2:00,21469
3/26/23 3:00,21261
3/26/23 4:00,21423
3/26/23 5:00,21922
3/26/23 6:00,22507
3/26/23 7:00,22364
3/26/23 8:00,21259
3/26/23 9:00,19641
3/26/23 10:00,17926
3/26/23 11:00,16560
3/26/23 12:00,15823
3/26/23 13:00,15570
3/26/23 14:00,15662
3/26/23 15:00,16615
3/26/23 16:00,18068
3/26/23 17:00,20378
3/26/23 18:00,23173
3/26/23 19:00,25196
3/26/23 20:00,25491
3/26/23 21:00,24938
3/26/23 22:00,23660
3/26/23 23:00,22556
3/27/23 0:00,22184
3/27/23 1:00,21691
3/27/23 2:00,21310
3/27/23 3:00,21464
3/27/23 4:00,22189
3/27/23 5:00,23973
3/27/23 6:00,26088
3/27/23 7:00,26611
3/27/23 8:00,25352
3/27/23 9:00,23603
3/27/23 10:00,22118
3/27/23 11:00,20813
3/27/23 12:00,19822
3/27/23 13:00,19155
3/27/23 14:00,18875
3/27/23 15:00,19469
3/27/23 16:00,20999
3/27/23 17:00,23152
3/27/23 18:00,25219
3/27/23 19:00,26650
3/27/23 20:00,26518
3/27/23 21:00,25685
3/27/23 22:00,24281
3/27/23 23:00,22961
3/28/23 0:00,22243
3/28/23 1:00,21751
3/28/23 2:00,21613
3/28/23 3:00,21243
3/28/23 4:00,21753
3/28/23 5:00,23309
3/28/23 6:00,25240
3/28/23 7:00,25904
3/28/23 8:00,25191
3/28/23 9:00,24695
3/28/23 10:00,24272
3/28/23 11:00,24286
3/28/23 12:00,24179
3/28/23 13:00,23685
3/28/23 14:00,23418
3/28/23 15:00,23626
3/28/23 16:00,23958
3/28/23 17:00,24886
3/28/23 18:00,26150
3/28/23 19:00,27219
3/28/23 20:00,27117
3/28/23 21:00,26243
3/28/23 22:00,24900
3/28/23 23:00,23521
3/29/23 0:00,22767
3/29/23 1:00,22345
3/29/23 2:00,21989
3/29/23 3:00,21699
3/29/23 4:00,22142
3/29/23 5:00,23555
3/29/23 6:00,25626
3/29/23 7:00,26633
3/29/23 8:00,26842
3/29/23 9:00,26485
3/29/23 10:00,26390
3/29/23 11:00,26081
3/29/23 12:00,26085
3/29/23 13:00,25596
3/29/23 14:00,24508
3/29/23 15:00,23567
3/29/23 16:00,24092
3/29/23 17:00,25062
3/29/23 18:00,26541
3/29/23 19:00,27862
3/29/23 20:00,27776
3/29/23 21:00,26870
3/29/23 22:00,25530
3/29/23 23:00,24469
3/30/23 0:00,23718
3/30/23 1:00,23028
3/30/23 2:00,22755
3/30/23 3:00,22600
3/30/23 4:00,23030
3/30/23 5:00,24272
3/30/23 6:00,26145
3/30/23 7:00,27069
3/30/23 8:00,26933
3/30/23 9:00,25681
3/30/23 10:00,24123
3/30/23 11:00,23579
3/30/23 12:00,23045
3/30/23 13:00,22239
3/30/23 14:00,21931
3/30/23 15:00,21782
3/30/23 16:00,22309
3/30/23 17:00,23547
3/30/23 18:00,25328
3/30/23 19:00,27131
3/30/23 20:00,27320
3/30/23 21:00,26759
3/30/23 22:00,25478
3/30/23 23:00,24172
3/31/23 0:00,23421
3/31/23 1:00,22752
3/31/23 2:00,22541
3/31/23 3:00,22689
3/31/23 4:00,23017
3/31/23 5:00,24366
3/31/23 6:00,25891
3/31/23 7:00,26195
3/31/23 8:00,25080
3/31/23 9:00,23472
3/31/23 10:00,21765
3/31/23 11:00,20454
3/31/23 12:00,19918
3/31/23 13:00,19460
3/31/23 14:00,19406
3/31/23 15:00,19757
3/31/23 16:00,20829
3/31/23 17:00,22848
3/31/23 18:00,24551
3/31/23 19:00,26054
3/31/23 20:00,26122
3/31/23 21:00,25539
3/31/23 22:00,24403
3/31/23 23:00,23187
4/1/23 0:00,22570
4/1/23 1:00,22089
4/1/23 2:00,21631
4/1/23 3:00,21298
4/1/23 4:00,21371
4/1/23 5:00,21970
4/1/23 6:00,22611
4/1/23 7:00,22416
4/1/23 8:00,21092
4/1/23 9:00,19397
4/1/23 10:00,17987
4/1/23 11:00,16894
4/1/23 12:00,16299
4/1/23 13:00,15937
4/1/23 14:00,15743
4/1/23 15:00,16468
4/1/23 16:00,18057
4/1/23 17:00,20511
4/1/23 18:00,22660
4/1/23 19:00,24309
4/1/23 20:00,24505
4/1/23 21:00,24029
4/1/23 22:00,23071
4/1/23 23:00,22094
4/2/23 0:00,21398
4/2/23 1:00,20822
4/2/23 2:00,20329
4/2/23 3:00,20149
4/2/23 4:00,20267
4/2/23 5:00,20623
4/2/23 6:00,21135
4/2/23 7:00,21427
4/2/23 8:00,20671
4/2/23 9:00,19379
4/2/23 10:00,18187
4/2/23 11:00,16680
4/2/23 12:00,15717
4/2/23 13:00,15541
4/2/23 14:00,15562
4/2/23 15:00,16665
4/2/23 16:00,18683
4/2/23 17:00,20929
4/2/23 18:00,23079
4/2/23 19:00,24766
4/2/23 20:00,24989
4/2/23 21:00,24364
4/2/23 22:00,23203
4/2/23 23:00,22040
4/3/23 0:00,21445
4/3/23 1:00,21157
4/3/23 2:00,21138
4/3/23 3:00,21189
4/3/23 4:00,21691
4/3/23 5:00,22887
4/3/23 6:00,24712
4/3/23 7:00,25463
4/3/23 8:00,25069
4/3/23 9:00,24351
4/3/23 10:00,22958
4/3/23 11:00,21730
4/3/23 12:00,20664
4/3/23 13:00,20382
4/3/23 14:00,20008
4/3/23 15:00,20121
4/3/23 16:00,21190
4/3/23 17:00,22767
4/3/23 18:00,25168
4/3/23 19:00,27284
4/3/23 20:00,27443
4/3/23 21:00,26685
4/3/23 22:00,25253
4/3/23 23:00,24062
4/4/23 0:00,23473
4/4/23 1:00,23010
4/4/23 2:00,22800
4/4/23 3:00,22506
4/4/23 4:00,23170
4/4/23 5:00,24727
4/4/23 6:00,26651
4/4/23 7:00,26782
4/4/23 8:00,25411
4/4/23 9:00,23540
4/4/23 10:00,21970
4/4/23 11:00,21058
4/4/23 12:00,20170
4/4/23 13:00,19661
4/4/23 14:00,19039
4/4/23 15:00,18869
4/4/23 16:00,20145
4/4/23 17:00,22623
4/4/23 18:00,24972
4/4/23 19:00,26873
4/4/23 20:00,27139
4/4/23 21:00,26465
4/4/23 22:00,25213
4/4/23 23:00,23906
4/5/23 0:00,23374
4/5/23 1:00,23058
4/5/23 2:00,22545
4/5/23 3:00,22495
4/5/23 4:00,22967
4/5/23 5:00,24510
4/5/23 6:00,26322
4/5/23 7:00,26441
4/5/23 8:00,25184
4/5/23 9:00,23618
4/5/23 10:00,21762
4/5/23 11:00,20659
4/5/23 12:00,19505
4/5/23 13:00,19216
4/5/23 14:00,19115
4/5/23 15:00,19382
4/5/23 16:00,20514
4/5/23 17:00,22343
4/5/23 18:00,24489
4/5/23 19:00,26172
4/5/23 20:00,26405
4/5/23 21:00,25672
4/5/23 22:00,24364
4/5/23 23:00,23290
4/6/23 0:00,22740
4/6/23 1:00,22194
4/6/23 2:00,22026
4/6/23 3:00,21858
4/6/23 4:00,22245
4/6/23 5:00,23744
4/6/23 6:00,25469
4/6/23 7:00,25686
4/6/23 8:00,24459
4/6/23 9:00,22671
4/6/23 10:00,20958
4/6/23 11:00,19837
4/6/23 12:00,19138
4/6/23 13:00,19201
4/6/23 14:00,19505
4/6/23 15:00,20279
4/6/23 16:00,21720
4/6/23 17:00,23415
4/6/23 18:00,24991
4/6/23 19:00,26127
4/6/23 20:00,25983
4/6/23 21:00,25159
4/6/23 22:00,23804
4/6/23 23:00,22621
4/7/23 0:00,21916
4/7/23 1:00,21322
4/7/23 2:00,21161
4/7/23 3:00,21179
4/7/23 4:00,21480
4/7/23 5:00,22484
4/7/23 6:00,23925
4/7/23 7:00,24549
4/7/23 8:00,24118
4/7/23 9:00,23354
4/7/23 10:00,22261
4/7/23 11:00,21481
4/7/23 12:00,21089
4/7/23 13:00,20901
4/7/23 14:00,20394
4/7/23 15:00,20490
4/7/23 16:00,21450
4/7/23 17:00,22713
4/7/23 18:00,24381
4/7/23 19:00,25622
4/7/23 20:00,25449
4/7/23 21:00,24780
4/7/23 22:00,23510
4/7/23 23:00,22301
4/8/23 0:00,21480
4/8/23 1:00,20761
4/8/23 2:00,20285
4/8/23 3:00,20037
4/8/23 4:00,20149
4/8/23 5:00,20659
4/8/23 6:00,21157
4/8/23 7:00,20860
4/8/23 8:00,19910
4/8/23 9:00,18961
4/8/23 10:00,18031
4/8/23 11:00,17007
4/8/23 12:00,16485
4/8/23 13:00,16426
4/8/23 14:00,16529
4/8/23 15:00,17251
4/8/23 16:00,18729
4/8/23 17:00,20440
4/8/23 18:00,22376
4/8/23 19:00,24021
4/8/23 20:00,24204
4/8/23 21:00,23595
4/8/23 22:00,22600
4/8/23 23:00,21607
4/9/23 0:00,20838
4/9/23 1:00,20060
4/9/23 2:00,19712
4/9/23 3:00,19623
4/9/23 4:00,19664
4/9/23 5:00,19978
4/9/23 6:00,20326
4/9/23 7:00,20178
4/9/23 8:00,19449
4/9/23 9:00,17975
4/9/23 10:00,16887
4/9/23 11:00,15904
4/9/23 12:00,15131
4/9/23 13:00,14967
4/9/23 14:00,15371
4/9/23 15:00,16568
4/9/23 16:00,18317
4/9/23 17:00,20402
4/9/23 18:00,22434
4/9/23 19:00,23872
4/9/23 20:00,24117
4/9/23 21:00,23535
4/9/23 22:00,22182
4/9/23 23:00,20997
4/10/23 0:00,20358
4/10/23 1:00,19873
4/10/23 2:00,19548
4/10/23 3:00,19410
4/10/23 4:00,19827
4/10/23 5:00,21069
4/10/23 6:00,22457
4/10/23 7:00,22784
4/10/23 8:00,22091
4/10/23 9:00,21144
4/10/23 10:00,20271
4/10/23 11:00,19759
4/10/23 12:00,19855
4/10/23 13:00,20076
4/10/23 14:00,20397
4/10/23 15:00,20799
4/10/23 16:00,22226
4/10/23 17:00,23798
4/10/23 18:00,25557
4/10/23 19:00,26685
4/10/23 20:00,26421
4/10/23 21:00,25422
4/10/23 22:00,23959
4/10/23 23:00,22652
4/11/23 0:00,21742
4/11/23 1:00,21167
4/11/23 2:00,20967
4/11/23 3:00,20880
4/11/23 4:00,21116
4/11/23 5:00,21978
4/11/23 6:00,23346
4/11/23 7:00,23765
4/11/23 8:00,23132
4/11/23 9:00,22319
4/11/23 10:00,21285
4/11/23 11:00,20291
4/11/23 12:00,19783
4/11/23 13:00,19503
4/11/23 14:00,19293
4/11/23 15:00,19742
4/11/23 16:00,21299
4/11/23 17:00,23081
4/11/23 18:00,25033
4/11/23 19:00,26267
4/11/23 20:00,26323
4/11/23 21:00,25355
4/11/23 22:00,23758
4/11/23 23:00,22564
4/12/23 0:00,22092
4/12/23 1:00,21693
4/12/23 2:00,21099
4/12/23 3:00,20894
4/12/23 4:00,20892
4/12/23 5:00,22031
4/12/23 6:00,23570
4/12/23 7:00,24320
4/12/23 8:00,24030
4/12/23 9:00,22969
4/12/23 10:00,22800
4/12/23 11:00,22178
4/12/23 12:00,21870
4/12/23 13:00,21623
4/12/23 14:00,21231
4/12/23 15:00,21244
4/12/23 16:00,21831
4/12/23 17:00,23048
4/12/23 18:00,24834
4/12/23 19:00,25964
4/12/23 20:00,26013
4/12/23 21:00,25186
4/12/23 22:00,23721
4/12/23 23:00,22577
4/13/23 0:00,22114
4/13/23 1:00,21641
4/13/23 2:00,21229
4/13/23 3:00,20942
4/13/23 4:00,21363
4/13/23 5:00,22480
4/13/23 6:00,24075
4/13/23 7:00,24622
4/13/23 8:00,24231
4/13/23 9:00,23536
4/13/23 10:00,22502
4/13/23 11:00,21939
4/13/23 12:00,21299
4/13/23 13:00,21017
4/13/23 14:00,20560
4/13/23 15:00,20791
4/13/23 16:00,21610
4/13/23 17:00,22836
4/13/23 18:00,24497
4/13/23 19:00,25969
4/13/23 20:00,26092
4/13/23 21:00,25379
4/13/23 22:00,24028
4/13/23 23:00,22774
4/14/23 0:00,22024
4/14/23 1:00,21520
4/14/23 2:00,21258
4/14/23 3:00,21159
4/14/23 4:00,21432
4/14/23 5:00,22582
4/14/23 6:00,24087
4/14/23 7:00,24810
4/14/23 8:00,24395
4/14/23 9:00,23193
4/14/23 10:00,21741
4/14/23 11:00,20867
4/14/23 12:00,20506
4/14/23 13:00,20403
4/14/23 14:00,20443
4/14/23 15:00,20166
4/14/23 16:00,20742
4/14/23 17:00,21836
4/14/23 18:00,23423
4/14/23 19:00,24958
4/14/23 20:00,25218
4/14/23 21:00,24637
4/14/23 22:00,23536
4/14/23 23:00,22416
4/15/23 0:00,21774
4/15/23 1:00,21046
4/15/23 2:00,20486
4/15/23 3:00,20234
4/15/23 4:00,20383
4/15/23 5:00,20939
4/15/23 6:00,21289
4/15/23 7:00,21102
4/15/23 8:00,20296
4/15/23 9:00,19047
4/15/23 10:00,17855
4/15/23 11:00,16776
4/15/23 12:00,16100
4/15/23 13:00,16048
4/15/23 14:00,16071
4/15/23 15:00,16770
4/15/23 16:00,18263
4/15/23 17:00,20248
4/15/23 18:00,22271
4/15/23 19:00,23774
4/15/23 20:00,24140
4/15/23 21:00,23703
4/15/23 22:00,22818
4/15/23 23:00,21789
4/16/23 0:00,20919
4/16/23 1:00,20227
4/16/23 2:00,19674
4/16/23 3:00,19389
4/16/23 4:00,19388
4/16/23 5:00,19686
4/16/23 6:00,19975
4/16/23 7:00,19819
4/16/23 8:00,19504
4/16/23 9:00,18630
4/16/23 10:00,17947
4/16/23 11:00,17279
4/16/23 12:00,16847
4/16/23 13:00,16901
4/16/23 14:00,17076
4/16/23 15:00,17119
4/16/23 16:00,18434
4/16/23 17:00,20327
4/16/23 18:00,22453
4/16/23 19:00,24122
4/16/23 20:00,24454
4/16/23 21:00,23760
4/16/23 22:00,22538
4/16/23 23:00,21376
4/17/23 0:00,20834
4/17/23 1:00,20445
4/17/23 2:00,20075
4/17/23 3:00,19939
4/17/23 4:00,20313
4/17/23 5:00,21680
4/17/23 6:00,23383
4/17/23 7:00,24257
4/17/23 8:00,24488
4/17/23 9:00,24512
4/17/23 10:00,23950
4/17/23 11:00,23608
4/17/23 12:00,23252
4/17/23 13:00,22560
4/17/23 14:00,21498
4/17/23 15:00,21220
4/17/23 16:00,21497
4/17/23 17:00,22702
4/17/23 18:00,24436
4/17/23 19:00,25944
4/17/23 20:00,26080
4/17/23 21:00,25229
4/17/23 22:00,23797
4/17/23 23:00,22685
4/18/23 0:00,22281
4/18/23 1:00,22018
4/18/23 2:00,21584
4/18/23 3:00,20985
4/18/23 4:00,21173
4/18/23 5:00,22208
4/18/23 6:00,23838
4/18/23 7:00,24548
4/18/23 8:00,24026
4/18/23 9:00,22849
4/18/23 10:00,21703
4/18/23 11:00,20927
4/18/23 12:00,20501
4/18/23 13:00,20702
4/18/23 14:00,20174
4/18/23 15:00,19673
4/18/23 16:00,20652
4/18/23 17:00,22382
4/18/23 18:00,24092
4/18/23 19:00,25619
4/18/23 20:00,25944
4/18/23 21:00,25188
4/18/23 22:00,23873
4/18/23 23:00,22673
4/19/23 0:00,21973
4/19/23 1:00,21587
4/19/23 2:00,21277
4/19/23 3:00,21068
4/19/23 4:00,21420
4/19/23 5:00,22863
4/19/23 6:00,24389
4/19/23 7:00,24718
4/19/23 8:00,23723
4/19/23 9:00,22217
4/19/23 10:00,20508
4/19/23 11:00,19332
4/19/23 12:00,18666
4/19/23 13:00,18596
4/19/23 14:00,18776
4/19/23 15:00,18797
4/19/23 16:00,20143
4/19/23 17:00,21932
4/19/23 18:00,23685
4/19/23 19:00,25311
4/19/23 20:00,25693
4/19/23 21:00,25007
4/19/23 22:00,23626
4/19/23 23:00,22279
4/20/23 0:00,21603
4/20/23 1:00,21335
4/20/23 2:00,21234
4/20/23 3:00,21126
4/20/23 4:00,21463
4/20/23 5:00,22853
4/20/23 6:00,24331
4/20/23 7:00,24601
4/20/23 8:00,23568
4/20/23 9:00,22090
4/20/23 10:00,20904
4/20/23 11:00,20224
4/20/23 12:00,19901
4/20/23 13:00,19982
4/20/23 14:00,20244
4/20/23 15:00,20802
4/20/23 16:00,21961
4/20/23 17:00,23219
4/20/23 18:00,24550
4/20/23 19:00,25909
4/20/23 20:00,26035
4/20/23 21:00,25238
4/20/23 22:00,23850
4/20/23 23:00,22532
4/21/23 0:00,21626
4/21/23 1:00,20952
4/21/23 2:00,20564
4/21/23 3:00,20457
4/21/23 4:00,20917
4/21/23 5:00,22045
4/21/23 6:00,23329
4/21/23 7:00,23586
4/21/23 8:00,22720
4/21/23 9:00,22150
4/21/23 10:00,21616
4/21/23 11:00,21330
4/21/23 12:00,20960
4/21/23 13:00,21057
4/21/23 14:00,21257
4/21/23 15:00,21852
4/21/23 16:00,22841
4/21/23 17:00,24325
4/21/23 18:00,25808
4/21/23 19:00,26732
4/21/23 20:00,26668
4/21/23 21:00,25804
4/21/23 22:00,24393
4/21/23 23:00,22993
4/22/23 0:00,21886
4/22/23 1:00,21152
4/22/23 2:00,20621
4/22/23 3:00,20234
4/22/23 4:00,20086
4/22/23 5:00,20287
4/22/23 6:00,20493
4/22/23 7:00,20541
4/22/23 8:00,20280
4/22/23 9:00,19590
4/22/23 10:00,18647
4/22/23 11:00,18154
4/22/23 12:00,17979
4/22/23 13:00,18240
4/22/23 14:00,18828
4/22/23 15:00,19752
4/22/23 16:00,21070
4/22/23 17:00,22927
4/22/23 18:00,24573
4/22/23 19:00,25555
4/22/23 20:00,25546
4/22/23 21:00,24696
4/22/23 22:00,23515
4/22/23 23:00,22169
4/23/23 0:00,21265
4/23/23 1:00,20400
4/23/23 2:00,19839
4/23/23 3:00,19492
4/23/23 4:00,19224
4/23/23 5:00,19297
4/23/23 6:00,19290
4/23/23 7:00,19184
4/23/23 8:00,18901
4/23/23 9:00,18059
4/23/23 10:00,17427
4/23/23 11:00,17017
4/23/23 12:00,16835
4/23/23 13:00,17198
4/23/23 14:00,17699
4/23/23 15:00,18787
4/23/23 16:00,20360
4/23/23 17:00,22617
4/23/23 18:00,24342
4/23/23 19:00,25512
4/23/23 20:00,25683
4/23/23 21:00,24973
4/23/23 22:00,23901
4/23/23 23:00,22629
4/24/23 0:00,22042
4/24/23 1:00,21312
4/24/23 2:00,21008
4/24/23 3:00,20851
4/24/23 4:00,20819
4/24/23 5:00,21724
4/24/23 6:00,22972
4/24/23 7:00,23751
4/24/23 8:00,23732
4/24/23 9:00,23040
4/24/23 10:00,22165
4/24/23 11:00,21594
4/24/23 12:00,20856
4/24/23 13:00,20379
4/24/23 14:00,20488
4/24/23 15:00,20929
4/24/23 16:00,22198
4/24/23 17:00,23884
4/24/23 18:00,25427
4/24/23 19:00,26692
4/24/23 20:00,26746
4/24/23 21:00,25718
4/24/23 22:00,24150
4/24/23 23:00,22768
4/25/23 0:00,21743
4/25/23 1:00,21062
4/25/23 2:00,20804
4/25/23 3:00,20505
4/25/23 4:00,20909
4/25/23 5:00,21986
4/25/23 6:00,23384
4/25/23 7:00,23870
4/25/23 8:00,23176
4/25/23 9:00,22485
4/25/23 10:00,21826
4/25/23 11:00,20957
4/25/23 12:00,20471
4/25/23 13:00,20532
4/25/23 14:00,20485
4/25/23 15:00,21020
4/25/23 16:00,22683
4/25/23 17:00,24268
4/25/23 18:00,25751
4/25/23 19:00,26774
4/25/23 20:00,26865
4/25/23 21:00,25872
4/25/23 22:00,24310
4/25/23 23:00,22905
4/26/23 0:00,21992
4/26/23 1:00,21135
4/26/23 2:00,20668
4/26/23 3:00,20517
4/26/23 4:00,20950
4/26/23 5:00,22093
4/26/23 6:00,23441
4/26/23 7:00,24139
4/26/23 8:00,23816
4/26/23 9:00,22990
4/26/23 10:00,22412
4/26/23 11:00,22111
4/26/23 12:00,21951
4/26/23 13:00,22063
4/26/23 14:00,22475
4/26/23 15:00,23164
4/26/23 16:00,24660
4/26/23 17:00,26319
4/26/23 18:00,27861
4/26/23 19:00,28601
4/26/23 20:00,28256
4/26/23 21:00,27221
4/26/23 22:00,25467
4/26/23 23:00,23582
4/27/23 0:00,22605
4/27/23 1:00,22183
4/27/23 2:00,21808
4/27/23 3:00,21451
4/27/23 4:00,21604
4/27/23 5:00,22349
4/27/23 6:00,23599
4/27/23 7:00,24263
4/27/23 8:00,24117
4/27/23 9:00,23589
4/27/23 10:00,22986
4/27/23 11:00,22524
4/27/23 12:00,22427
4/27/23 13:00,23009
4/27/23 14:00,23396
4/27/23 15:00,24141
4/27/23 16:00,25901
4/27/23 17:00,27627
4/27/23 18:00,28769
4/27/23 19:00,29172
4/27/23 20:00,28859
4/27/23 21:00,27641
4/27/23 22:00,25645
4/27/23 23:00,23958
4/28/23 0:00,23104
4/28/23 1:00,22333
4/28/23 2:00,21863
4/28/23 3:00,21690
4/28/23 4:00,21882
4/28/23 5:00,22604
4/28/23 6:00,23805
4/28/23 7:00,24739
4/28/23 8:00,24606
4/28/23 9:00,24095
4/28/23 10:00,23331
4/28/23 11:00,22827
4/28/23 12:00,22530
4/28/23 13:00,22712
4/28/23 14:00,23266
4/28/23 15:00,24465
4/28/23 16:00,25925
4/28/23 17:00,27350
4/28/23 18:00,28578
4/28/23 19:00,29062
4/28/23 20:00,28653
4/28/23 21:00,27466
4/28/23 22:00,25869
4/28/23 23:00,24129
4/29/23 0:00,22856
4/29/23 1:00,21861
4/29/23 2:00,21159
4/29/23 3:00,20870
4/29/23 4:00,20714
4/29/23 5:00,20761
4/29/23 6:00,20981
4/29/23 7:00,21468
4/29/23 8:00,21598
4/29/23 9:00,20867
4/29/23 10:00,20022
4/29/23 11:00,19415
4/29/23 12:00,19396
4/29/23 13:00,19723
4/29/23 14:00,20320
4/29/23 15:00,21438
4/29/23 16:00,23092
4/29/23 17:00,24953
4/29/23 18:00,26212
4/29/23 19:00,26653
4/29/23 20:00,26414
4/29/23 21:00,25480
4/29/23 22:00,24223
4/29/23 23:00,22875
4/30/23 0:00,21845
4/30/23 1:00,20923
4/30/23 2:00,20488
4/30/23 3:00,20423
4/30/23 4:00,20535
4/30/23 5:00,20747
4/30/23 6:00,20708
4/30/23 7:00,20783
4/30/23 8:00,20503
4/30/23 9:00,19904
4/30/23 10:00,19253
4/30/23 11:00,18270
4/30/23 12:00,17565
4/30/23 13:00,17624
4/30/23 14:00,17808
4/30/23 15:00,18763
4/30/23 16:00,20755
4/30/23 17:00,22876
4/30/23 18:00,24157
4/30/23 19:00,25023
4/30/23 20:00,25203
4/30/23 21:00,24530
4/30/23 22:00,23269
4/30/23 23:00,22256
5/1/23 0:00,21947
5/1/23 1:00,21258
5/1/23 2:00,20795
5/1/23 3:00,20596
5/1/23 4:00,20568
5/1/23 5:00,21656
5/1/23 6:00,23361
5/1/23 7:00,24950
5/1/23 8:00,25259
5/1/23 9:00,25240
5/1/23 10:00,25173
5/1/23 11:00,24585
5/1/23 12:00,23873
5/1/23 13:00,23482
5/1/23 14:00,22871
5/1/23 15:00,22916
5/1/23 16:00,23426
5/1/23 17:00,24285
5/1/23 18:00,25115
5/1/23 19:00,25973
5/1/23 20:00,26160
5/1/23 21:00,25412
5/1/23 22:00,23990
5/1/23 23:00,22628
5/2/23 0:00,21856
5/2/23 1:00,21251
5/2/23 2:00,21075
5/2/23 3:00,21056
5/2/23 4:00,21371
5/2/23 5:00,22573
5/2/23 6:00,24044
5/2/23 7:00,24691
5/2/23 8:00,24344
5/2/23 9:00,23978
5/2/23 10:00,23707
5/2/23 11:00,23305
5/2/23 12:00,22781
5/2/23 13:00,22164
5/2/23 14:00,21699
5/2/23 15:00,21985
5/2/23 16:00,22535
5/2/23 17:00,23447
5/2/23 18:00,24401
5/2/23 19:00,25793
5/2/23 20:00,26255
5/2/23 21:00,25530
5/2/23 22:00,24023
5/2/23 23:00,22702
5/3/23 0:00,22028
5/3/23 1:00,21373
5/3/23 2:00,20969
5/3/23 3:00,20976
5/3/23 4:00,21575
5/3/23 5:00,22773
5/3/23 6:00,24242
5/3/23 7:00,24864
5/3/23 8:00,24486
5/3/23 9:00,23453
5/3/23 10:00,22612
5/3/23 11:00,22140
5/3/23 12:00,22156
5/3/23 13:00,22190
5/3/23 14:00,21861
5/3/23 15:00,22174
5/3/23 16:00,23105
5/3/23 17:00,24038
5/3/23 18:00,24898
5/3/23 19:00,25963
5/3/23 20:00,26332
5/3/23 21:00,25536
5/3/23 22:00,24054
5/3/23 23:00,22979
5/4/23 0:00,22506
5/4/23 1:00,22128
5/4/23 2:00,21806
5/4/23 3:00,21746
5/4/23 4:00,21872
5/4/23 5:00,22755
5/4/23 6:00,24308
5/4/23 7:00,25534
5/4/23 8:00,25359
5/4/23 9:00,25080
5/4/23 10:00,24801
5/4/23 11:00,23889
5/4/23 12:00,23244
5/4/23 13:00,22782
5/4/23 14:00,22673
5/4/23 15:00,22835
5/4/23 16:00,23535
5/4/23 17:00,24071
5/4/23 18:00,24699
5/4/23 19:00,25795
5/4/23 20:00,26188
5/4/23 21:00,25522
5/4/23 22:00,24289
5/4/23 23:00,23244
5/5/23 0:00,22944
5/5/23 1:00,22203
5/5/23 2:00,21674
5/5/23 3:00,21601
5/5/23 4:00,21908
5/5/23 5:00,22970
5/5/23 6:00,24320
5/5/23 7:00,25211
5/5/23 8:00,24829
5/5/23 9:00,24520
5/5/23 10:00,24112
5/5/23 11:00,23770
5/5/23 12:00,22751
5/5/23 13:00,22309
5/5/23 14:00,21689
5/5/23 15:00,21657
5/5/23 16:00,22467
5/5/23 17:00,23219
5/5/23 18:00,24006
5/5/23 19:00,24977
5/5/23 20:00,25387
5/5/23 21:00,24718
5/5/23 22:00,23706
5/5/23 23:00,22668
5/6/23 0:00,21937
5/6/23 1:00,21032
5/6/23 2:00,20417
5/6/23 3:00,20105
5/6/23 4:00,20188
5/6/23 5:00,20543
5/6/23 6:00,20809
5/6/23 7:00,21116
5/6/23 8:00,20999
5/6/23 9:00,20176
5/6/23 10:00,19444
5/6/23 11:00,18701
5/6/23 12:00,17896
5/6/23 13:00,17421
5/6/23 14:00,17104
5/6/23 15:00,18030
5/6/23 16:00,19272
5/6/23 17:00,20908
5/6/23 18:00,22066
5/6/23 19:00,23240
5/6/23 20:00,23861
5/6/23 21:00,23380
5/6/23 22:00,22485
5/6/23 23:00,21541
5/7/23 0:00,20965
5/7/23 1:00,20388
5/7/23 2:00,20033
5/7/23 3:00,19791
5/7/23 4:00,19730
5/7/23 5:00,19808
5/7/23 6:00,19896
5/7/23 7:00,19629
5/7/23 8:00,18607
5/7/23 9:00,17908
5/7/23 10:00,16943
5/7/23 11:00,16396
5/7/23 12:00,15569
5/7/23 13:00,15207
5/7/23 14:00,15408
5/7/23 15:00,16274
5/7/23 16:00,17871
5/7/23 17:00,20115
5/7/23 18:00,22261
5/7/23 19:00,24068
5/7/23 20:00,24904
5/7/23 21:00,24249
5/7/23 22:00,22919
5/7/23 23:00,21619
5/8/23 0:00,20721
5/8/23 1:00,20221
5/8/23 2:00,19912
5/8/23 3:00,19831
5/8/23 4:00,20366
5/8/23 5:00,21582
5/8/23 6:00,22828
5/8/23 7:00,23484
5/8/23 8:00,23201
5/8/23 9:00,22323
5/8/23 10:00,21825
5/8/23 11:00,21178
5/8/23 12:00,20658
5/8/23 13:00,20606
5/8/23 14:00,20346
5/8/23 15:00,20677
5/8/23 16:00,21654
5/8/23 17:00,22996
5/8/23 18:00,24466
5/8/23 19:00,25838
5/8/23 20:00,26326
5/8/23 21:00,25448
5/8/23 22:00,24043
5/8/23 23:00,22536
5/9/23 0:00,21683
5/9/23 1:00,21033
5/9/23 2:00,20615
5/9/23 3:00,20530
5/9/23 4:00,20843
5/9/23 5:00,21882
5/9/23 6:00,22935
5/9/23 7:00,23499
5/9/23 8:00,23281
5/9/23 9:00,22471
5/9/23 10:00,21818
5/9/23 11:00,21440
5/9/23 12:00,20803
5/9/23 13:00,20427
5/9/23 14:00,20402
5/9/23 15:00,20707
5/9/23 16:00,21438
5/9/23 17:00,22695
5/9/23 18:00,24177
5/9/23 19:00,25553
5/9/23 20:00,25987
5/9/23 21:00,25244
5/9/23 22:00,23882
5/9/23 23:00,22477
5/10/23 0:00,21812
5/10/23 1:00,20991
5/10/23 2:00,20536
5/10/23 3:00,20610
5/10/23 4:00,21039
5/10/23 5:00,22105
5/10/23 6:00,23162
5/10/23 7:00,23648
5/10/23 8:00,23507
5/10/23 9:00,23204
5/10/23 10:00,23192
5/10/23 11:00,22433
5/10/23 12:00,21487
5/10/23 13:00,20864
5/10/23 14:00,20349
5/10/23 15:00,20364
5/10/23 16:00,20969
5/10/23 17:00,22276
5/10/23 18:00,24020
5/10/23 19:00,25451
5/10/23 20:00,26044
5/10/23 21:00,25389
5/10/23 22:00,23961
5/10/23 23:00,22717
5/11/23 0:00,21890
5/11/23 1:00,21130
5/11/23 2:00,20669
5/11/23 3:00,20607
5/11/23 4:00,21159
5/11/23 5:00,22288
5/11/23 6:00,23512
5/11/23 7:00,24058
5/11/23 8:00,23529
5/11/23 9:00,22705
5/11/23 10:00,22205
5/11/23 11:00,21599
5/11/23 12:00,20732
5/11/23 13:00,20157
5/11/23 14:00,19902
5/11/23 15:00,20078
5/11/23 16:00,21577
5/11/23 17:00,23125
5/11/23 18:00,24751
5/11/23 19:00,25897
5/11/23 20:00,26340
5/11/23 21:00,25659
5/11/23 22:00,24216
5/11/23 23:00,23113
5/12/23 0:00,22491
5/12/23 1:00,21753
5/12/23 2:00,21116
5/12/23 3:00,20977
5/12/23 4:00,21627
5/12/23 5:00,22655
5/12/23 6:00,23754
5/12/23 7:00,24290
5/12/23 8:00,24149
5/12/23 9:00,23729
5/12/23 10:00,22505
5/12/23 11:00,21491
5/12/23 12:00,20950
5/12/23 13:00,21424
5/12/23 14:00,21504
5/12/23 15:00,22050
5/12/23 16:00,23288
5/12/23 17:00,24966
5/12/23 18:00,26330
5/12/23 19:00,27122
5/12/23 20:00,27264
5/12/23 21:00,26470
5/12/23 22:00,24997
5/12/23 23:00,23606
5/13/23 0:00,22885
5/13/23 1:00,22100
5/13/23 2:00,21435
5/13/23 3:00,21089
5/13/23 4:00,21035
5/13/23 5:00,21202
5/13/23 6:00,21399
5/13/23 7:00,21681
5/13/23 8:00,21893
5/13/23 9:00,21318
5/13/23 10:00,20366
5/13/23 11:00,19712
5/13/23 12:00,19309
5/13/23 13:00,19564
5/13/23 14:00,20274
5/13/23 15:00,21864
5/13/23 16:00,23888
5/13/23 17:00,25742
5/13/23 18:00,27283
5/13/23 19:00,28050
5/13/23 20:00,27929
5/13/23 21:00,26987
5/13/23 22:00,25511
5/13/23 23:00,24088
5/14/23 0:00,22887
5/14/23 1:00,21907
5/14/23 2:00,21188
5/14/23 3:00,20697
5/14/23 4:00,20474
5/14/23 5:00,20382
5/14/23 6:00,20262
5/14/23 7:00,20423
5/14/23 8:00,20787
5/14/23 9:00,20551
5/14/23 10:00,19569
5/14/23 11:00,19371
5/14/23 12:00,19581
5/14/23 13:00,19947
5/14/23 14:00,20504
5/14/23 15:00,21786
5/14/23 16:00,23393
5/14/23 17:00,25026
5/14/23 18:00,26593
5/14/23 19:00,27287
5/14/23 20:00,27376
5/14/23 21:00,26521
5/14/23 22:00,24870
5/14/23 23:00,23308
5/15/23 0:00,22176
5/15/23 1:00,21680
5/15/23 2:00,21347
5/15/23 3:00,21146
5/15/23 4:00,21536
5/15/23 5:00,22319
5/15/23 6:00,23436
5/15/23 7:00,24572
5/15/23 8:00,25140
5/15/23 9:00,24564
5/15/23 10:00,23749
5/15/23 11:00,23310
5/15/23 12:00,23167
5/15/23 13:00,23309
5/15/23 14:00,23516
5/15/23 15:00,24681
5/15/23 16:00,26133
5/15/23 17:00,27416
5/15/23 18:00,28222
5/15/23 19:00,29263
5/15/23 20:00,29350
5/15/23 21:00,28274
5/15/23 22:00,26366
5/15/23 23:00,24687
5/16/23 0:00,23545
5/16/23 1:00,22782
5/16/23 2:00,22235
5/16/23 3:00,22012
5/16/23 4:00,22140
5/16/23 5:00,22943
5/16/23 6:00,23964
5/16/23 7:00,25085
5/16/23 8:00,25386
5/16/23 9:00,25074
5/16/23 10:00,24253
5/16/23 11:00,23765
5/16/23 12:00,23796
5/16/23 13:00,24142
5/16/23 14:00,24770
5/16/23 15:00,25689
5/16/23 16:00,27140
5/16/23 17:00,28719
5/16/23 18:00,30094
5/16/23 19:00,30715
5/16/23 20:00,30355
5/16/23 21:00,29118
5/16/23 22:00,27104
5/16/23 23:00,25196
5/17/23 0:00,24297
5/17/23 1:00,23691
5/17/23 2:00,22973
5/17/23 3:00,22939
5/17/23 4:00,23040
5/17/23 5:00,23576
5/17/23 6:00,24449
5/17/23 7:00,25294
5/17/23 8:00,25329
5/17/23 9:00,24891
5/17/23 10:00,24266
5/17/23 11:00,24242
5/17/23 12:00,23862
5/17/23 13:00,23932
5/17/23 14:00,24900
5/17/23 15:00,26371
5/17/23 16:00,27773
5/17/23 17:00,28799
5/17/23 18:00,29584
5/17/23 19:00,30029
5/17/23 20:00,29922
5/17/23 21:00,28867
5/17/23 22:00,27143
5/17/23 23:00,25721
5/18/23 0:00,24650
5/18/23 1:00,23602
5/18/23 2:00,22899
5/18/23 3:00,22788
5/18/23 4:00,22948
5/18/23 5:00,23872
5/18/23 6:00,24852
5/18/23 7:00,25395
5/18/23 8:00,25356
5/18/23 9:00,25113
5/18/23 10:00,24624
5/18/23 11:00,24601
5/18/23 12:00,24166
5/18/23 13:00,23825
5/18/23 14:00,23772
5/18/23 15:00,24873
5/18/23 16:00,26476
5/18/23 17:00,27978
5/18/23 18:00,29041
5/18/23 19:00,29522
5/18/23 20:00,29423
5/18/23 21:00,28416
5/18/23 22:00,26778
5/18/23 23:00,25389
5/19/23 0:00,24141
5/19/23 1:00,23401
5/19/23 2:00,22771
5/19/23 3:00,22568
5/19/23 4:00,22758
5/19/23 5:00,23532
5/19/23 6:00,24611
5/19/23 7:00,25274
5/19/23 8:00,25347
5/19/23 9:00,24992
5/19/23 10:00,24603
5/19/23 11:00,24357
5/19/23 12:00,24044
5/19/23 13:00,23682
5/19/23 14:00,23493
5/19/23 15:00,24614
5/19/23 16:00,25739
5/19/23 17:00,27092
5/19/23 18:00,27834
5/19/23 19:00,28370
5/19/23 20:00,28452
5/19/23 21:00,27764
5/19/23 22:00,26439
5/19/23 23:00,24992
5/20/23 0:00,23573
5/20/23 1:00,22682
5/20/23 2:00,22238
5/20/23 3:00,22220
5/20/23 4:00,22042
5/20/23 5:00,22302
5/20/23 6:00,22454
5/20/23 7:00,22696
5/20/23 8:00,22904
5/20/23 9:00,22286
5/20/23 10:00,21715
5/20/23 11:00,21120
5/20/23 12:00,20646
5/20/23 13:00,20802
5/20/23 14:00,21076
5/20/23 15:00,22213
5/20/23 16:00,23800
5/20/23 17:00,25320
5/20/23 18:00,26225
5/20/23 19:00,26726
5/20/23 20:00,26901
5/20/23 21:00,26293
5/20/23 22:00,25166
5/20/23 23:00,24128
5/21/23 0:00,23390
5/21/23 1:00,22564
5/21/23 2:00,21901
5/21/23 3:00,21450
5/21/23 4:00,21365
5/21/23 5:00,21416
5/21/23 6:00,21570
5/21/23 7:00,21584
5/21/23 8:00,21655
5/21/23 9:00,21223
5/21/23 10:00,20382
5/21/23 11:00,19650
5/21/23 12:00,19271
5/21/23 13:00,19805
5/21/23 14:00,20667
5/21/23 15:00,22560
5/21/23 16:00,24378
5/21/23 17:00,26366
5/21/23 18:00,27362
5/21/23 19:00,27964
5/21/23 20:00,27987
5/21/23 21:00,27082
5/21/23 22:00,25516
5/21/23 23:00,24089
5/22/23 0:00,23011
5/22/23 1:00,22127
5/22/23 2:00,21341
5/22/23 3:00,21452
5/22/23 4:00,21874
5/22/23 5:00,22944
5/22/23 6:00,24088
5/22/23 7:00,24968
5/22/23 8:00,25020
5/22/23 9:00,24682
5/22/23 10:00,24572
5/22/23 11:00,24694
5/22/23 12:00,24880
5/22/23 13:00,25436
5/22/23 14:00,25970
5/22/23 15:00,26967
5/22/23 16:00,28282
5/22/23 17:00,29757
5/22/23 18:00,30414
5/22/23 19:00,30483
5/22/23 20:00,30117
5/22/23 21:00,29149
5/22/23 22:00,27232
5/22/23 23:00,25370
5/23/23 0:00,23919
5/23/23 1:00,22890
5/23/23 2:00,22319
5/23/23 3:00,22199
5/23/23 4:00,22473
5/23/23 5:00,23317
5/23/23 6:00,24489
5/23/23 7:00,25278
5/23/23 8:00,25468
5/23/23 9:00,25253
5/23/23 10:00,24979
5/23/23 11:00,24805
5/23/23 12:00,24758
5/23/23 13:00,24901
5/23/23 14:00,24745
5/23/23 15:00,24966
5/23/23 16:00,25571
5/23/23 17:00,26581
5/23/23 18:00,27269
5/23/23 19:00,27905
5/23/23 20:00,28073
5/23/23 21:00,27208
5/23/23 22:00,25766
5/23/23 23:00,24452
5/24/23 0:00,23777
5/24/23 1:00,23099
5/24/23 2:00,22663
5/24/23 3:00,22430
5/24/23 4:00,22543
5/24/23 5:00,23302
5/24/23 6:00,24178
5/24/23 7:00,24801
5/24/23 8:00,24816
5/24/23 9:00,24269
5/24/23 10:00,23818
5/24/23 11:00,23046
5/24/23 12:00,22543
5/24/23 13:00,22731
5/24/23 14:00,23161
5/24/23 15:00,23098
5/24/23 16:00,23889
5/24/23 17:00,25287
5/24/23 18:00,26330
5/24/23 19:00,27126
5/24/23 20:00,27471
5/24/23 21:00,26779
5/24/23 22:00,25270
5/24/23 23:00,23958
5/25/23 0:00,23225
5/25/23 1:00,22487
5/25/23 2:00,22017
5/25/23 3:00,21699
5/25/23 4:00,21781
5/25/23 5:00,22714
5/25/23 6:00,23703
5/25/23 7:00,24400
5/25/23 8:00,24219
5/25/23 9:00,24116
5/25/23 10:00,24020
5/25/23 11:00,23124
5/25/23 12:00,22118
5/25/23 13:00,21890
5/25/23 14:00,21892
5/25/23 15:00,22515
5/25/23 16:00,23453
5/25/23 17:00,25001
5/25/23 18:00,26016
5/25/23 19:00,27069
5/25/23 20:00,27246
5/25/23 21:00,26551
5/25/23 22:00,25148
5/25/23 23:00,23884
5/26/23 0:00,23086
5/26/23 1:00,22338
5/26/23 2:00,22108
5/26/23 3:00,22036
5/26/23 4:00,22062
5/26/23 5:00,22922
5/26/23 6:00,23989
5/26/23 7:00,24786
5/26/23 8:00,24596
5/26/23 9:00,24132
5/26/23 10:00,23332
5/26/23 11:00,22500
5/26/23 12:00,21473
5/26/23 13:00,20871
5/26/23 14:00,20729
5/26/23 15:00,21412
5/26/23 16:00,22619
5/26/23 17:00,24135
5/26/23 18:00,25047
5/26/23 19:00,26025
5/26/23 20:00,26587
5/26/23 21:00,26088
5/26/23 22:00,24596
5/26/23 23:00,23158
5/27/23 0:00,22495
5/27/23 1:00,21863
5/27/23 2:00,21314
5/27/23 3:00,20907
5/27/23 4:00,20816
5/27/23 5:00,20881
5/27/23 6:00,20932
5/27/23 7:00,21214
5/27/23 8:00,20857
5/27/23 9:00,20611
5/27/23 10:00,19907
5/27/23 11:00,19159
5/27/23 12:00,18226
5/27/23 13:00,17738
5/27/23 14:00,17925
5/27/23 15:00,18766
5/27/23 16:00,20302
5/27/23 17:00,22328
5/27/23 18:00,24264
5/27/23 19:00,25424
5/27/23 20:00,25932
5/27/23 21:00,25344
5/27/23 22:00,24082
5/27/23 23:00,22861
5/28/23 0:00,21990
5/28/23 1:00,21235
5/28/23 2:00,20865
5/28/23 3:00,20387
5/28/23 4:00,20134
5/28/23 5:00,20089
5/28/23 6:00,20056
5/28/23 7:00,20353
5/28/23 8:00,20370
5/28/23 9:00,20182
5/28/23 10:00,19859
5/28/23 11:00,19679
5/28/23 12:00,19389
5/28/23 13:00,19209
5/28/23 14:00,19268
5/28/23 15:00,19681
5/28/23 16:00,20889
5/28/23 17:00,22346
5/28/23 18:00,23531
5/28/23 19:00,24636
5/28/23 20:00,25021
5/28/23 21:00,24556
5/28/23 22:00,23465
5/28/23 23:00,22238
5/29/23 0:00,21388
5/29/23 1:00,20743
5/29/23 2:00,20299
5/29/23 3:00,19958
5/29/23 4:00,19939
5/29/23 5:00,20165
5/29/23 6:00,20254
5/29/23 7:00,20767
5/29/23 8:00,21251
5/29/23 9:00,20885
5/29/23 10:00,20535
5/29/23 11:00,20542
5/29/23 12:00,20170
5/29/23 13:00,20057
5/29/23 14:00,20267
5/29/23 15:00,20601
5/29/23 16:00,21435
5/29/23 17:00,23046
5/29/23 18:00,24678
5/29/23 19:00,25668
5/29/23 20:00,26074
5/29/23 21:00,25425
5/29/23 22:00,24010
5/29/23 23:00,22576
5/30/23 0:00,21662
5/30/23 1:00,20943
5/30/23 2:00,20569
5/30/23 3:00,20612
5/30/23 4:00,21145
5/30/23 5:00,22223
5/30/23 6:00,23336
5/30/23 7:00,24030
5/30/23 8:00,24034
5/30/23 9:00,23768
5/30/23 10:00,23372
5/30/23 11:00,22576
5/30/23 12:00,22087
5/30/23 13:00,22099
5/30/23 14:00,22408
5/30/23 15:00,23109
5/30/23 16:00,24126
5/30/23 17:00,25042
5/30/23 18:00,26158
5/30/23 19:00,26858
5/30/23 20:00,27227
5/30/23 21:00,26591
5/30/23 22:00,25053
5/30/23 23:00,23735
5/31/23 0:00,22868
5/31/23 1:00,22147
5/31/23 2:00,21652
5/31/23 3:00,21467
5/31/23 4:00,21841
5/31/23 5:00,22775
5/31/23 6:00,24001
5/31/23 7:00,25205
5/31/23 8:00,25272
5/31/23 9:00,24954
5/31/23 10:00,24301
5/31/23 11:00,23640
5/31/23 12:00,23379
5/31/23 13:00,23516
5/31/23 14:00,23366
5/31/23 15:00,23419
5/31/23 16:00,24267
5/31/23 17:00,25718
5/31/23 18:00,26802
5/31/23 19:00,27606
5/31/23 20:00,28054
5/31/23 21:00,27277
5/31/23 22:00,25707
5/31/23 23:00,24300
6/1/23 0:00,23366
6/1/23 1:00,22582
6/1/23 2:00,21957
6/1/23 3:00,21741
6/1/23 4:00,22215
6/1/23 5:00,23208
6/1/23 6:00,24047
6/1/23 7:00,24575
6/1/23 8:00,24688
6/1/23 9:00,24586
6/1/23 10:00,24103
6/1/23 11:00,23372
6/1/23 12:00,23307
6/1/23 13:00,22871
6/1/23 14:00,22981
6/1/23 15:00,23962
6/1/23 16:00,24796
6/1/23 17:00,25629
6/1/23 18:00,26519
6/1/23 19:00,27664
6/1/23 20:00,28101
6/1/23 21:00,27330
6/1/23 22:00,25761
6/1/23 23:00,24324
6/2/23 0:00,23425
6/2/23 1:00,22564
6/2/23 2:00,21940
6/2/23 3:00,21517
6/2/23 4:00,21918
6/2/23 5:00,22742
6/2/23 6:00,23845
6/2/23 7:00,24768
6/2/23 8:00,24628
6/2/23 9:00,23824
6/2/23 10:00,23094
6/2/23 11:00,22561
6/2/23 12:00,22157
6/2/23 13:00,21833
6/2/23 14:00,21858
6/2/23 15:00,22657
6/2/23 16:00,24199
6/2/23 17:00,25600
6/2/23 18:00,26581
6/2/23 19:00,27405
6/2/23 20:00,27786
6/2/23 21:00,27187
6/2/23 22:00,25703
6/2/23 23:00,24301
6/3/23 0:00,23196
6/3/23 1:00,22074
6/3/23 2:00,21312
6/3/23 3:00,20999
6/3/23 4:00,20943
6/3/23 5:00,21078
6/3/23 6:00,21004
6/3/23 7:00,21262
6/3/23 8:00,21249
6/3/23 9:00,20746
6/3/23 10:00,20142
6/3/23 11:00,19465
6/3/23 12:00,18944
6/3/23 13:00,19024
6/3/23 14:00,19891
6/3/23 15:00,21512
6/3/23 16:00,23207
6/3/23 17:00,25134
6/3/23 18:00,26890
6/3/23 19:00,27722
6/3/23 20:00,27690
6/3/23 21:00,26830
6/3/23 22:00,25395
6/3/23 23:00,23981
6/4/23 0:00,22780
6/4/23 1:00,21773
6/4/23 2:00,21010
6/4/23 3:00,20582
6/4/23 4:00,20388
6/4/23 5:00,20267
6/4/23 6:00,20260
6/4/23 7:00,20736
6/4/23 8:00,20990
6/4/23 9:00,20496
6/4/23 10:00,20154
6/4/23 11:00,19630
6/4/23 12:00,19531
6/4/23 13:00,19589
6/4/23 14:00,20283
6/4/23 15:00,21874
6/4/23 16:00,23735
6/4/23 17:00,25906
6/4/23 18:00,27764
6/4/23 19:00,28381
6/4/23 20:00,28187
6/4/23 21:00,27218
6/4/23 22:00,25413
6/4/23 23:00,23762
6/5/23 0:00,22694
6/5/23 1:00,21793
6/5/23 2:00,21287
6/5/23 3:00,21163
6/5/23 4:00,21399
6/5/23 5:00,22265
6/5/23 6:00,23400
6/5/23 7:00,24647
6/5/23 8:00,25228
6/5/23 9:00,25480
6/5/23 10:00,25334
6/5/23 11:00,24904
6/5/23 12:00,25056
6/5/23 13:00,24857
6/5/23 14:00,24760
6/5/23 15:00,25048
6/5/23 16:00,25472
6/5/23 17:00,26260
6/5/23 18:00,26982
6/5/23 19:00,27384
6/5/23 20:00,27481
6/5/23 21:00,26613
6/5/23 22:00,25126
6/5/23 23:00,23632
6/6/23 0:00,22386
6/6/23 1:00,21645
6/6/23 2:00,21171
6/6/23 3:00,20943
6/6/23 4:00,21369
6/6/23 5:00,22306
6/6/23 6:00,23253
6/6/23 7:00,24201
6/6/23 8:00,24357
6/6/23 9:00,24773
6/6/23 10:00,25102
6/6/23 11:00,24428
6/6/23 12:00,23676
6/6/23 13:00,23048
6/6/23 14:00,23099
6/6/23 15:00,23293
6/6/23 16:00,24130
6/6/23 17:00,25227
6/6/23 18:00,26330
6/6/23 19:00,26982
6/6/23 20:00,27261
6/6/23 21:00,26547
6/6/23 22:00,25105
6/6/23 23:00,23718
6/7/23 0:00,22864
6/7/23 1:00,22140
6/7/23 2:00,21816
6/7/23 3:00,21639
6/7/23 4:00,21645
6/7/23 5:00,22500
6/7/23 6:00,23548
6/7/23 7:00,24157
6/7/23 8:00,24305
6/7/23 9:00,
6/7/23 10:00,24084
6/7/23 11:00,23531
6/7/23 12:00,23321
6/7/23 13:00,22841
6/7/23 14:00,22361
6/7/23 15:00,22550
6/7/23 16:00,23875
6/7/23 17:00,24307
6/7/23 18:00,25297
6/7/23 19:00,26379
6/7/23 20:00,27097
6/7/23 21:00,26741
6/7/23 22:00,25280
6/7/23 23:00,23903
6/8/23 0:00,22944
6/8/23 1:00,22130
6/8/23 2:00,21590
6/8/23 3:00,21276
6/8/23 4:00,21687
6/8/23 5:00,22453
6/8/23 6:00,23399
6/8/23 7:00,24476
6/8/23 8:00,24927
6/8/23 9:00,24586
6/8/23 10:00,23815
6/8/23 11:00,22767
6/8/23 12:00,22249
6/8/23 13:00,21860
6/8/23 14:00,21799
6/8/23 15:00,22829
6/8/23 16:00,23848
6/8/23 17:00,25169
6/8/23 18:00,26518
6/8/23 19:00,27316
6/8/23 20:00,27785
6/8/23 21:00,27290
6/8/23 22:00,25883
6/8/23 23:00,24521
6/9/23 0:00,23719
6/9/23 1:00,23118
6/9/23 2:00,22405
6/9/23 3:00,22169
6/9/23 4:00,22214
6/9/23 5:00,22737
6/9/23 6:00,23496
6/9/23 7:00,24328
6/9/23 8:00,25088
6/9/23 9:00,25205
6/9/23 10:00,24819
6/9/23 11:00,23746
6/9/23 12:00,23353
6/9/23 13:00,23083
6/9/23 14:00,23174
6/9/23 15:00,23205
6/9/23 16:00,23526
6/9/23 17:00,24658
6/9/23 18:00,26014
6/9/23 19:00,26838
6/9/23 20:00,27240
6/9/23 21:00,26770
6/9/23 22:00,25446
6/9/23 23:00,24224
6/10/23 0:00,23197
6/10/23 1:00,22133
6/10/23 2:00,21499
6/10/23 3:00,21415
6/10/23 4:00,21481
6/10/23 5:00,21252
6/10/23 6:00,21386
6/10/23 7:00,22043
6/10/23 8:00,22812
6/10/23 9:00,22891
6/10/23 10:00,22155
6/10/23 11:00,21487
6/10/23 12:00,20808
6/10/23 13:00,20404
6/10/23 14:00,20520
6/10/23 15:00,21062
6/10/23 16:00,21906
6/10/23 17:00,23031
6/10/23 18:00,24158
6/10/23 19:00,25110
6/10/23 20:00,25575
6/10/23 21:00,25077
6/10/23 22:00,23899
6/10/23 23:00,22775
6/11/23 0:00,21884
6/11/23 1:00,21041
6/11/23 2:00,20309
6/11/23 3:00,19972
6/11/23 4:00,20062
6/11/23 5:00,20178
6/11/23 6:00,20421
6/11/23 7:00,20758
6/11/23 8:00,20974
6/11/23 9:00,20297
6/11/23 10:00,20135
6/11/23 11:00,19719
6/11/23 12:00,19157
6/11/23 13:00,18942
6/11/23 14:00,19622
6/11/23 15:00,20788
6/11/23 16:00,22026
6/11/23 17:00,23064
6/11/23 18:00,23975
6/11/23 19:00,24836
6/11/23 20:00,25242
6/11/23 21:00,24863
6/11/23 22:00,23542
6/11/23 23:00,22374
6/12/23 0:00,21820
6/12/23 1:00,21107
6/12/23 2:00,20767
6/12/23 3:00,20666
6/12/23 4:00,21092
6/12/23 5:00,22106
6/12/23 6:00,23211
6/12/23 7:00,24051
6/12/23 8:00,23836
6/12/23 9:00,23566
6/12/23 10:00,23710
6/12/23 11:00,23920
6/12/23 12:00,23639
6/12/23 13:00,23071
6/12/23 14:00,22957
6/12/23 15:00,23273
6/12/23 16:00,23924
6/12/23 17:00,25159
6/12/23 18:00,26327
6/12/23 19:00,27103
6/12/23 20:00,27455
6/12/23 21:00,26916
6/12/23 22:00,25389
6/12/23 23:00,24109
6/13/23 0:00,23006
6/13/23 1:00,22086
6/13/23 2:00,21530
6/13/23 3:00,21358
6/13/23 4:00,21622
6/13/23 5:00,22513
6/13/23 6:00,23676
6/13/23 7:00,24782
6/13/23 8:00,24946
6/13/23 9:00,24982
6/13/23 10:00,24868
6/13/23 11:00,24484
6/13/23 12:00,24126
6/13/23 13:00,23590
6/13/23 14:00,23081
6/13/23 15:00,23640
6/13/23 16:00,24605
6/13/23 17:00,25874
6/13/23 18:00,27442
6/13/23 19:00,28339
6/13/23 20:00,28593
6/13/23 21:00,27878
6/13/23 22:00,26262
6/13/23 23:00,24809
6/14/23 0:00,23707
6/14/23 1:00,22752
6/14/23 2:00,22025
6/14/23 3:00,21878
6/14/23 4:00,22230
6/14/23 5:00,23046
6/14/23 6:00,24228
6/14/23 7:00,25690
6/14/23 8:00,26067
6/14/23 9:00,25814
6/14/23 10:00,25453
6/14/23 11:00,24938
6/14/23 12:00,24286
6/14/23 13:00,24221
6/14/23 14:00,24499
6/14/23 15:00,25642
6/14/23 16:00,26737
6/14/23 17:00,27654
6/14/23 18:00,28754
6/14/23 19:00,29643
6/14/23 20:00,29797
6/14/23 21:00,28811
6/14/23 22:00,27127
6/14/23 23:00,25588
6/15/23 0:00,24396
6/15/23 1:00,23490
6/15/23 2:00,22870
6/15/23 3:00,22534
6/15/23 4:00,22766
6/15/23 5:00,23550
6/15/23 6:00,24562
6/15/23 7:00,25605
6/15/23 8:00,25730
6/15/23 9:00,25982
6/15/23 10:00,25747
6/15/23 11:00,25293
6/15/23 12:00,25044
6/15/23 13:00,25184
6/15/23 14:00,25341
6/15/23 15:00,25818
6/15/23 16:00,26900
6/15/23 17:00,27779
6/15/23 18:00,28790
6/15/23 19:00,29459
6/15/23 20:00,29567
6/15/23 21:00,28895
6/15/23 22:00,27159
6/15/23 23:00,25493
6/16/23 0:00,24379
6/16/23 1:00,23452
6/16/23 2:00,22796
6/16/23 3:00,22543
6/16/23 4:00,22895
6/16/23 5:00,23570
6/16/23 6:00,24174
6/16/23 7:00,24565
6/16/23 8:00,25453
6/16/23 9:00,25687
6/16/23 10:00,25305
6/16/23 11:00,24864
6/16/23 12:00,24378
6/16/23 13:00,24489
6/16/23 14:00,24984
6/16/23 15:00,25784
6/16/23 16:00,27077
6/16/23 17:00,28707
6/16/23 18:00,29790
6/16/23 19:00,30074
6/16/23 20:00,29981
6/16/23 21:00,29293
6/16/23 22:00,27653
6/16/23 23:00,26013
6/17/23 0:00,24649
6/17/23 1:00,23500
6/17/23 2:00,22716
6/17/23 3:00,22142
6/17/23 4:00,22010
6/17/23 5:00,22076
6/17/23 6:00,22258
6/17/23 7:00,22705
6/17/23 8:00,23151
6/17/23 9:00,22858
6/17/23 10:00,22544
6/17/23 11:00,21895
6/17/23 12:00,22118
6/17/23 13:00,22500
6/17/23 14:00,23428
6/17/23 15:00,24649
6/17/23 16:00,26051
6/17/23 17:00,27668
6/17/23 18:00,28982
6/17/23 19:00,29589
6/17/23 20:00,29472
6/17/23 21:00,28552
6/17/23 22:00,26940
6/17/23 23:00,25424
6/18/23 0:00,24171
6/18/23 1:00,23068
6/18/23 2:00,22228
6/18/23 3:00,21621
6/18/23 4:00,21253
6/18/23 5:00,21089
6/18/23 6:00,21022
6/18/23 7:00,21643
6/18/23 8:00,21908
6/18/23 9:00,21699
6/18/23 10:00,21500
6/18/23 11:00,21047
6/18/23 12:00,20326
6/18/23 13:00,20068
6/18/23 14:00,20448
6/18/23 15:00,21238
6/18/23 16:00,22520
6/18/23 17:00,24295
6/18/23 18:00,25715
6/18/23 19:00,26627
6/18/23 20:00,26823
6/18/23 21:00,26366
6/18/23 22:00,24974
6/18/23 23:00,23543
6/19/23 0:00,22719
6/19/23 1:00,21954
6/19/23 2:00,21266
6/19/23 3:00,21112
6/19/23 4:00,21484
6/19/23 5:00,22238
6/19/23 6:00,23116
6/19/23 7:00,24041
6/19/23 8:00,24444
6/19/23 9:00,23985
6/19/23 10:00,23455
6/19/23 11:00,22382
6/19/23 12:00,21653
6/19/23 13:00,21522
6/19/23 14:00,21547
6/19/23 15:00,22134
6/19/23 16:00,23602
6/19/23 17:00,25185
6/19/23 18:00,26663
6/19/23 19:00,27487
6/19/23 20:00,28085
6/19/23 21:00,27496
6/19/23 22:00,25879
6/19/23 23:00,24380
6/20/23 0:00,23355
6/20/23 1:00,22463
6/20/23 2:00,22037
6/20/23 3:00,21799
6/20/23 4:00,21897
6/20/23 5:00,22709
6/20/23 6:00,23390
6/20/23 7:00,23676
6/20/23 8:00,23333
6/20/23 9:00,22920
6/20/23 10:00,22307
6/20/23 11:00,21845
6/20/23 12:00,21898
6/20/23 13:00,22018
6/20/23 14:00,22442
6/20/23 15:00,23095
6/20/23 16:00,24197
6/20/23 17:00,25707
6/20/23 18:00,27118
6/20/23 19:00,27938
6/20/23 20:00,28337
6/20/23 21:00,27760
6/20/23 22:00,25998
6/20/23 23:00,24316
6/21/23 0:00,23221
6/21/23 1:00,22265
6/21/23 2:00,21686
6/21/23 3:00,21448
6/21/23 4:00,21890
6/21/23 5:00,22720
6/21/23 6:00,23636
6/21/23 7:00,24254
6/21/23 8:00,24123
6/21/23 9:00,23445
6/21/23 10:00,22918
6/21/23 11:00,22586
6/21/23 12:00,22630
6/21/23 13:00,22510
6/21/23 14:00,22737
6/21/23 15:00,23520
6/21/23 16:00,24791
6/21/23 17:00,26436
6/21/23 18:00,27912
6/21/23 19:00,28526
6/21/23 20:00,28693
6/21/23 21:00,28023
6/21/23 22:00,26313
6/21/23 23:00,24718
6/22/23 0:00,23624
6/22/23 1:00,22669
6/22/23 2:00,21986
6/22/23 3:00,21768
6/22/23 4:00,22060
6/22/23 5:00,22811
6/22/23 6:00,23725
6/22/23 7:00,24262
6/22/23 8:00,24728
6/22/23 9:00,24707
6/22/23 10:00,23913
6/22/23 11:00,23055
6/22/23 12:00,22606
6/22/23 13:00,22446
6/22/23 14:00,22352
6/22/23 15:00,22985
6/22/23 16:00,24209
6/22/23 17:00,25263
6/22/23 18:00,26170
6/22/23 19:00,26971
6/22/23 20:00,27663
6/22/23 21:00,27125
6/22/23 22:00,25739
6/22/23 23:00,24240
6/23/23 0:00,23392
6/23/23 1:00,22754
6/23/23 2:00,22380
6/23/23 3:00,21687
6/23/23 4:00,21877
6/23/23 5:00,22557
6/23/23 6:00,23163
6/23/23 7:00,23630
6/23/23 8:00,24035
6/23/23 9:00,23661
6/23/23 10:00,23270
6/23/23 11:00,22381
6/23/23 12:00,21370
6/23/23 13:00,21066
6/23/23 14:00,21107
6/23/23 15:00,22158
6/23/23 16:00,23606
6/23/23 17:00,25109
6/23/23 18:00,26206
6/23/23 19:00,26894
6/23/23 20:00,27305
6/23/23 21:00,26872
6/23/23 22:00,25554
6/23/23 23:00,24193
6/24/23 0:00,23192
6/24/23 1:00,22201
6/24/23 2:00,21542
6/24/23 3:00,21111
6/24/23 4:00,20978
6/24/23 5:00,21040
6/24/23 6:00,21037
6/24/23 7:00,21572
6/24/23 8:00,22091
6/24/23 9:00,21391
6/24/23 10:00,20712
6/24/23 11:00,19899
6/24/23 12:00,19363
6/24/23 13:00,19039
6/24/23 14:00,19168
6/24/23 15:00,19893
6/24/23 16:00,21501
6/24/23 17:00,23366
6/24/23 18:00,25060
6/24/23 19:00,26085
6/24/23 20:00,26459
6/24/23 21:00,26117
6/24/23 22:00,24943
6/24/23 23:00,23676
6/25/23 0:00,22661
6/25/23 1:00,21605
6/25/23 2:00,20832
6/25/23 3:00,20404
6/25/23 4:00,20215
6/25/23 5:00,20110
6/25/23 6:00,19872
6/25/23 7:00,19968
6/25/23 8:00,20427
6/25/23 9:00,19939
6/25/23 10:00,19181
6/25/23 11:00,18509
6/25/23 12:00,18077
6/25/23 13:00,17896
6/25/23 14:00,18323
6/25/23 15:00,19470
6/25/23 16:00,21337
6/25/23 17:00,23394
6/25/23 18:00,25342
6/25/23 19:00,26262
6/25/23 20:00,26620
6/25/23 21:00,26141
6/25/23 22:00,24764
6/25/23 23:00,23313
6/26/23 0:00,22658
6/26/23 1:00,21817
6/26/23 2:00,21234
6/26/23 3:00,20971
6/26/23 4:00,21334
6/26/23 5:00,22152
6/26/23 6:00,23207
6/26/23 7:00,23800
6/26/23 8:00,23831
6/26/23 9:00,23393
6/26/23 10:00,22653
6/26/23 11:00,22536
6/26/23 12:00,22647
6/26/23 13:00,22981
6/26/23 14:00,23516
6/26/23 15:00,24599
6/26/23 16:00,25850
6/26/23 17:00,26924
6/26/23 18:00,27971
6/26/23 19:00,28560
6/26/23 20:00,28617
6/26/23 21:00,27823
6/26/23 22:00,26259
6/26/23 23:00,24815
6/27/23 0:00,23855
6/27/23 1:00,22842
6/27/23 2:00,22051
6/27/23 3:00,21847
6/27/23 4:00,22141
6/27/23 5:00,22909
6/27/23 6:00,23765
6/27/23 7:00,24256
6/27/23 8:00,24560
6/27/23 9:00,24237
6/27/23 10:00,23671
6/27/23 11:00,23318
6/27/23 12:00,22989
6/27/23 13:00,23207
6/27/23 14:00,23808
6/27/23 15:00,25043
6/27/23 16:00,26471
6/27/23 17:00,27843
6/27/23 18:00,28987
6/27/23 19:00,29643
6/27/23 20:00,29746
6/27/23 21:00,28977
6/27/23 22:00,27229
6/27/23 23:00,25417
6/28/23 0:00,24181
6/28/23 1:00,23060
6/28/23 2:00,22323
6/28/23 3:00,21991
6/28/23 4:00,22341
6/28/23 5:00,23177
6/28/23 6:00,24122
6/28/23 7:00,25069
6/28/23 8:00,25860
6/28/23 9:00,25554
6/28/23 10:00,24606
6/28/23 11:00,23955
6/28/23 12:00,23935
6/28/23 13:00,23842
6/28/23 14:00,24126
6/28/23 15:00,25327
6/28/23 16:00,26639
6/28/23 17:00,28026
6/28/23 18:00,29375
6/28/23 19:00,30042
6/28/23 20:00,30113
6/28/23 21:00,29196
6/28/23 22:00,27351
6/28/23 23:00,25635
6/29/23 0:00,24610
6/29/23 1:00,23865
6/29/23 2:00,23248
6/29/23 3:00,22683
6/29/23 4:00,22776
6/29/23 5:00,23489
6/29/23 6:00,24277
6/29/23 7:00,25149
6/29/23 8:00,25899
6/29/23 9:00,25582
6/29/23 10:00,24743
6/29/23 11:00,24079
6/29/23 12:00,24412
6/29/23 13:00,25320
6/29/23 14:00,26695
6/29/23 15:00,28085
6/29/23 16:00,29909
6/29/23 17:00,31673
6/29/23 18:00,32649
6/29/23 19:00,32811
6/29/23 20:00,32436
6/29/23 21:00,31459
6/29/23 22:00,29342
6/29/23 23:00,27182
6/30/23 0:00,25766
6/30/23 1:00,24904
6/30/23 2:00,24225
6/30/23 3:00,23846
6/30/23 4:00,23290
6/30/23 5:00,23913
6/30/23 6:00,24961
6/30/23 7:00,26400
6/30/23 8:00,27536
6/30/23 9:00,27326
6/30/23 10:00,26887
6/30/23 11:00,26978
6/30/23 12:00,27934
6/30/23 13:00,28863
6/30/23 14:00,30423
6/30/23 15:00,32402
6/30/23 16:00,33881
6/30/23 17:00,35136
6/30/23 18:00,35599
6/30/23 19:00,35175
6/30/23 20:00,34464
6/30/23 21:00,33360
6/30/23 22:00,31081
6/30/23 23:00,28900
7/1/23 0:00,27208
7/1/23 1:00,25904
7/1/23 2:00,24685
7/1/23 3:00,23752
7/1/23 4:00,23117
7/1/23 5:00,23119
7/1/23 6:00,23554
7/1/23 7:00,24804
7/1/23 8:00,25625
7/1/23 9:00,25794
7/1/23 10:00,25897
7/1/23 11:00,26229
7/1/23 12:00,26942
7/1/23 13:00,28420
7/1/23 14:00,30062
7/1/23 15:00,32049
7/1/23 16:00,33615
7/1/23 17:00,35221
7/1/23 18:00,36076
7/1/23 19:00,35752
7/1/23 20:00,34770
7/1/23 21:00,33354
7/1/23 22:00,31172
7/1/23 23:00,28911
7/2/23 0:00,27192
7/2/23 1:00,25632
7/2/23 2:00,24440
7/2/23 3:00,23435
7/2/23 4:00,22961
7/2/23 5:00,22695
7/2/23 6:00,22883
7/2/23 7:00,24203
7/2/23 8:00,25175
7/2/23 9:00,25075
7/2/23 10:00,24971
7/2/23 11:00,25480
7/2/23 12:00,26333
7/2/23 13:00,27807
7/2/23 14:00,29658
7/2/23 15:00,31431
7/2/23 16:00,32945
7/2/23 17:00,34536
7/2/23 18:00,35556
7/2/23 19:00,35313
7/2/23 20:00,34377
7/2/23 21:00,33093
7/2/23 22:00,30648
7/2/23 23:00,28232
7/3/23 0:00,26447
7/3/23 1:00,25217
7/3/23 2:00,24469
7/3/23 3:00,23789
7/3/23 4:00,23607
7/3/23 5:00,23931
7/3/23 6:00,24933
7/3/23 7:00,26896
7/3/23 8:00,27841
7/3/23 9:00,27831
7/3/23 10:00,28126
7/3/23 11:00,28221
7/3/23 12:00,28414
7/3/23 13:00,29035
7/3/23 14:00,30287
7/3/23 15:00,32000
7/3/23 16:00,33432
7/3/23 17:00,34639
7/3/23 18:00,35049
7/3/23 19:00,34214
7/3/23 20:00,33129
7/3/23 21:00,31762
7/3/23 22:00,29814
7/3/23 23:00,27570
7/4/23 0:00,25700
7/4/23 1:00,24277
7/4/23 2:00,23285
7/4/23 3:00,22692
7/4/23 4:00,22372
7/4/23 5:00,22449
7/4/23 6:00,22933
7/4/23 7:00,23451
7/4/23 8:00,24018
7/4/23 9:00,23246
7/4/23 10:00,22728
7/4/23 11:00,22529
7/4/23 12:00,22870
7/4/23 13:00,23780
7/4/23 14:00,24979
7/4/23 15:00,26385
7/4/23 16:00,27820
7/4/23 17:00,29556
7/4/23 18:00,30417
7/4/23 19:00,30162
7/4/23 20:00,29515
7/4/23 21:00,28515
7/4/23 22:00,27279
7/4/23 23:00,25777
7/5/23 0:00,24444
7/5/23 1:00,23422
7/5/23 2:00,23070
7/5/23 3:00,22769
7/5/23 4:00,22867
7/5/23 5:00,23208
7/5/23 6:00,24089
7/5/23 7:00,25065
7/5/23 8:00,25639
7/5/23 9:00,25425
7/5/23 10:00,25226
7/5/23 11:00,25127
7/5/23 12:00,25511
7/5/23 13:00,26278
7/5/23 14:00,27449
7/5/23 15:00,28903
7/5/23 16:00,30595
7/5/23 17:00,31954
7/5/23 18:00,32703
7/5/23 19:00,32490
7/5/23 20:00,31872
7/5/23 21:00,30823
7/5/23 22:00,28760
7/5/23 23:00,26577
7/6/23 0:00,25112
7/6/23 1:00,23964
7/6/23 2:00,22948
7/6/23 3:00,22506
7/6/23 4:00,22887
7/6/23 5:00,23570
7/6/23 6:00,24403
7/6/23 7:00,25634
7/6/23 8:00,26145
7/6/23 9:00,26280
7/6/23 10:00,26262
7/6/23 11:00,25545
7/6/23 12:00,25268
7/6/23 13:00,25345
7/6/23 14:00,25915
7/6/23 15:00,26977
7/6/23 16:00,28723
7/6/23 17:00,30325
7/6/23 18:00,31244
7/6/23 19:00,31413
7/6/23 20:00,31123
7/6/23 21:00,30181
7/6/23 22:00,28283
7/6/23 23:00,26453
7/7/23 0:00,25048
7/7/23 1:00,24018
7/7/23 2:00,23207
7/7/23 3:00,22866
7/7/23 4:00,23038
7/7/23 5:00,23744
7/7/23 6:00,24727
7/7/23 7:00,25843
7/7/23 8:00,26167
7/7/23 9:00,25743
7/7/23 10:00,25296
7/7/23 11:00,24794
7/7/23 12:00,24478
7/7/23 13:00,24352
7/7/23 14:00,24632
7/7/23 15:00,26041
7/7/23 16:00,27752
7/7/23 17:00,29508
7/7/23 18:00,30398
7/7/23 19:00,30636
7/7/23 20:00,30445
7/7/23 21:00,29750
7/7/23 22:00,28195
7/7/23 23:00,26432
7/8/23 0:00,25058
7/8/23 1:00,23874
7/8/23 2:00,22981
7/8/23 3:00,22533
7/8/23 4:00,22409
7/8/23 5:00,22471
7/8/23 6:00,22412
7/8/23 7:00,23115
7/8/23 8:00,23275
7/8/23 9:00,22630
7/8/23 10:00,22071
7/8/23 11:00,21571
7/8/23 12:00,21394
7/8/23 13:00,21442
7/8/23 14:00,22194
7/8/23 15:00,23566
7/8/23 16:00,25190
7/8/23 17:00,26984
7/8/23 18:00,28494
7/8/23 19:00,29050
7/8/23 20:00,28949
7/8/23 21:00,28187
7/8/23 22:00,26617
7/8/23 23:00,25069
7/9/23 0:00,24040
7/9/23 1:00,23144
7/9/23 2:00,22492
7/9/23 3:00,21754
7/9/23 4:00,21209
7/9/23 5:00,21152
7/9/23 6:00,21114
7/9/23 7:00,21634
7/9/23 8:00,22035
7/9/23 9:00,21445
7/9/23 10:00,21141
7/9/23 11:00,20197
7/9/23 12:00,19681
7/9/23 13:00,19836
7/9/23 14:00,20741
7/9/23 15:00,22410
7/9/23 16:00,24343
7/9/23 17:00,26368
7/9/23 18:00,28149
7/9/23 19:00,28884
7/9/23 20:00,28905
7/9/23 21:00,28250
7/9/23 22:00,26686
7/9/23 23:00,24989
7/10/23 0:00,23954
7/10/23 1:00,23133
7/10/23 2:00,22618
7/10/23 3:00,22334
7/10/23 4:00,22217
7/10/23 5:00,22992
7/10/23 6:00,24059
7/10/23 7:00,25476
7/10/23 8:00,26393
7/10/23 9:00,25950
7/10/23 10:00,25377
7/10/23 11:00,25027
7/10/23 12:00,25048
7/10/23 13:00,25800
7/10/23 14:00,26936
7/10/23 15:00,28509
7/10/23 16:00,30391
7/10/23 17:00,32408
7/10/23 18:00,33667
7/10/23 19:00,33889
7/10/23 20:00,33194
7/10/23 21:00,31981
7/10/23 22:00,29695
7/10/23 23:00,27656
7/11/23 0:00,26219
7/11/23 1:00,25225
7/11/23 2:00,24545
7/11/23 3:00,23977
7/11/23 4:00,23470
7/11/23 5:00,24126
7/11/23 6:00,24981
7/11/23 7:00,26192
7/11/23 8:00,26706
7/11/23 9:00,26698
7/11/23 10:00,26890
7/11/23 11:00,27294
7/11/23 12:00,28059
7/11/23 13:00,29272
7/11/23 14:00,30730
7/11/23 15:00,32672
7/11/23 16:00,34469
7/11/23 17:00,36043
7/11/23 18:00,36950
7/11/23 19:00,36704
7/11/23 20:00,35704
7/11/23 21:00,34193
7/11/23 22:00,31826
7/11/23 23:00,29505
7/12/23 0:00,27740
7/12/23 1:00,26361
7/12/23 2:00,25472
7/12/23 3:00,24760
7/12/23 4:00,24595
7/12/23 5:00,25170
7/12/23 6:00,26040
7/12/23 7:00,27698
7/12/23 8:00,28521
7/12/23 9:00,28918
7/12/23 10:00,29238
7/12/23 11:00,29611
7/12/23 12:00,30493
7/12/23 13:00,31525
7/12/23 14:00,32423
7/12/23 15:00,34152
7/12/23 16:00,35739
7/12/23 17:00,37108
7/12/23 18:00,37668
7/12/23 19:00,37201
7/12/23 20:00,36074
7/12/23 21:00,34540
7/12/23 22:00,32037
7/12/23 23:00,29604
7/13/23 0:00,27788
7/13/23 1:00,26306
7/13/23 2:00,25238
7/13/23 3:00,24801
7/13/23 4:00,24609
7/13/23 5:00,25012
7/13/23 6:00,25995
7/13/23 7:00,27584
7/13/23 8:00,28689
7/13/23 9:00,28750
7/13/23 10:00,29610
7/13/23 11:00,30192
7/13/23 12:00,30576
7/13/23 13:00,31781
7/13/23 14:00,33255
7/13/23 15:00,34878
7/13/23 16:00,36333
7/13/23 17:00,37742
7/13/23 18:00,38291
7/13/23 19:00,37845
7/13/23 20:00,36826
7/13/23 21:00,35278
7/13/23 22:00,32701
7/13/23 23:00,30150
7/14/23 0:00,28120
7/14/23 1:00,26898
7/14/23 2:00,26273
7/14/23 3:00,25651
7/14/23 4:00,25257
7/14/23 5:00,25410
7/14/23 6:00,26418
7/14/23 7:00,28078
7/14/23 8:00,28845
7/14/23 9:00,29083
7/14/23 10:00,29532
7/14/23 11:00,30258
7/14/23 12:00,31211
7/14/23 13:00,32620
7/14/23 14:00,34321
7/14/23 15:00,36474
7/14/23 16:00,38281
7/14/23 17:00,39539
7/14/23 18:00,40027
7/14/23 19:00,39320
7/14/23 20:00,37958
7/14/23 21:00,36121
7/14/23 22:00,33549
7/14/23 23:00,31086
7/15/23 0:00,28966
7/15/23 1:00,27176
7/15/23 2:00,25674
7/15/23 3:00,24861
7/15/23 4:00,24374
7/15/23 5:00,24380
7/15/23 6:00,24887
7/15/23 7:00,26925
7/15/23 8:00,28414
7/15/23 9:00,28503
7/15/23 10:00,28375
7/15/23 11:00,28424
7/15/23 12:00,29410
7/15/23 13:00,30878
7/15/23 14:00,32553
7/15/23 15:00,34724
7/15/23 16:00,36524
7/15/23 17:00,38244
7/15/23 18:00,38982
7/15/23 19:00,38624
7/15/23 20:00,37420
7/15/23 21:00,35672
7/15/23 22:00,33208
7/15/23 23:00,30817
7/16/23 0:00,28957
7/16/23 1:00,27334
7/16/23 2:00,25939
7/16/23 3:00,25149
7/16/23 4:00,24500
7/16/23 5:00,24119
7/16/23 6:00,24298
7/16/23 7:00,26058
7/16/23 8:00,27202
7/16/23 9:00,27627
7/16/23 10:00,28185
7/16/23 11:00,29062
7/16/23 12:00,30569
7/16/23 13:00,32216
7/16/23 14:00,33823
7/16/23 15:00,35597
7/16/23 16:00,37151
7/16/23 17:00,38595
7/16/23 18:00,39182
7/16/23 19:00,38711
7/16/23 20:00,37821
7/16/23 21:00,36176
7/16/23 22:00,33696
7/16/23 23:00,31388
